Open Time;Status;Magic;Symbol;Type;Timeframe;Pattern (Size);Higher Trend;Higher RSI;Spread vs Base;Top News;Vol Steps (Lot);Vol Steps ($);Min Requied Capital ($);Entry Prices;RiskFree Prices;Target Prices;Action Prices;Liquidity Price;Max Step;Max Virtual Step;Profit;Close Time
2025.04.16 05:45;Close;10001;AUDCAD_l;Long;m1;Super Minor(13);Uptrend;Neutral (41.4);Normal (8 vs 44 points);No News;2.00|4.00|6.00|8.00|10.00;126.72|253.45|380.17|506.90|633.62;58.39;0.88335|0.88291|0.88203|0.88071|0.87895;0.88343|0.88314|0.88262|0.88189|0.88094;0.88431|0.88358|0.88306|0.88233|0.88138;0.88519|0.88402|0.88350|0.88277|0.88182;0.87631;2;2;411.18;2025.04.16 11:27
2025.04.16 11:39;Close;10002;AUDCAD_l;Short;m1;Super Minor(11);Uptrend;Neutral (62.6);Normal (10 vs 145 points);No News;2.00|4.00|6.00|8.00|10.00;127.45|254.90|382.35|509.80|637.25;171.08;0.88635|0.88780|0.89070|0.89505|0.90085;0.88625|0.88722|0.88891|0.89133|0.89447;0.88335|0.88577|0.88746|0.88988|0.89302;0.88335|0.88577|0.88746|0.88988|0.89302;0.90955;1;1;431.74;2025.04.16 20:59
2025.04.16 20:40;Close;10003;AUDCAD_l;Long;m1;Mid Major(54);Uptrend;Neutral (42.7);Normal (11 vs 67 points);No News;2.00|4.00|6.00|8.00|10.00;127.54|255.07|382.61|510.14|637.68;84.39;0.88468|0.88401|0.88267|0.88066|0.87798;0.88479|0.88434|0.88356|0.88245|0.88099;0.88613|0.88501|0.88423|0.88312|0.88166;0.88747|0.88568|0.88490|0.88379|0.88233;0.87396;4;4;2076.76;2025.04.17 14:47
2025.04.17 02:01;Close;10004;AUDCAD_l;Short;m1;Major(78);Uptrend;Neutral (47.4);Normal (11 vs 26 points);No News;2.00|4.00|6.00|8.00|10.00;127.51|255.02|382.54|510.05|637.56;38.66;0.88329|0.88355|0.88407|0.88485|0.88589;0.88318|0.88335|0.88366|0.88409|0.88465;0.88266|0.88309|0.88340|0.88383|0.88439;0.88266|0.88309|0.88340|0.88383|0.88439;0.88745;1;1;92.35;2025.04.17 03:15
2025.04.17 11:50;Close;10005;AUDCAD_l;Short;m1;Super Minor(15);Downtrend;Neutral (54.7);Normal (8 vs 32 points);No News;2.00|4.00|6.00|8.00|10.00;127.10|254.20|381.30|508.40|635.50;45.29;0.88162|0.88194|0.88258|0.88354|0.88482;0.88154|0.88175|0.88213|0.88266|0.88335;0.88090|0.88143|0.88181|0.88234|0.88303;0.88090|0.88143|0.88181|0.88234|0.88303;0.88674;5;5;891.71;2025.04.17 20:40
2025.04.17 20:37;Close;10006;AUDCAD_l;Long;m1;Mid Major(59);Uptrend;Neutral (45.5);Normal (11 vs 26 points);No News;2.00|4.00|6.00|8.00|10.00;127.67|255.34|383.00|510.67|638.34;38.71;0.88330|0.88304|0.88252|0.88174|0.88070;0.88341|0.88324|0.88293|0.88250|0.88194;0.88393|0.88350|0.88319|0.88276|0.88220;0.88445|0.88376|0.88345|0.88302|0.88246;0.87914;2;2;258.87;2025.04.17 21:06
2025.04.18 04:03;Close;10007;AUDCAD_l;Long;m1;Super Minor(25);Uptrend;Neutral (52.2);Normal (8 vs 33 points);No News;2.00|4.00|6.00|8.00|10.00;127.75|255.49|383.24|510.98|638.73;46.52;0.88415|0.88382|0.88316|0.88217|0.88085;0.88423|0.88401|0.88363|0.88308|0.88236;0.88489|0.88434|0.88396|0.88341|0.88269;0.88555|0.88467|0.88429|0.88374|0.88302;0.87887;3;3;632.00;2025.04.18 07:27
2025.04.18 10:14;Close;10008;AUDCAD_l;Long;m1;Major(80);Uptrend;Neutral (41.5);Normal (22 vs 67 points);No News;2.00|4.00|6.00|8.00|10.00;127.54|255.08|382.62|510.16|637.70;84.54;0.88324|0.88257|0.88123|0.87922|0.87654;0.88346|0.88301|0.88223|0.88112|0.87966;0.88480|0.88368|0.88290|0.88179|0.88033;0.88614|0.88435|0.88357|0.88246|0.88100;0.87252;2;2;649.21;2025.04.21 06:27
2025.04.21 02:49;Close;10009;AUDCAD_l;Short;m1;Major(141);Uptrend;Neutral (57.9);Normal (12 vs 31 points);No News;2.00|4.00|6.00|8.00|10.00;127.79|255.58|383.37|511.16|638.95;44.36;0.88321|0.88352|0.88414|0.88507|0.88631;0.88309|0.88330|0.88366|0.88418|0.88485;0.88247|0.88299|0.88335|0.88387|0.88454;0.88185|0.88268|0.88304|0.88356|0.88423;0.88817;2;2;319.92;2025.04.21 03:54
2025.04.21 09:06;Close;10010;AUDCAD_l;Short;m1;Super Minor(16);Uptrend;Overbought (71.8);Normal (11 vs 38 points);No News;2.00|4.00|6.00|8.00|10.00;128.57|257.15|385.72|514.30|642.87;52.33;0.88672|0.88710|0.88786|0.88900|0.89052;0.88661|0.88686|0.88731|0.88794|0.88876;0.88585|0.88648|0.88693|0.88756|0.88838;0.88585|0.88648|0.88693|0.88756|0.88838;0.89280;1;1;126.09;2025.04.21 09:18
2025.04.21 10:41;Close;10011;AUDCAD_l;Short;m1;Major(130);Uptrend;Neutral (68.3);Normal (8 vs 41 points);No News;2.00|4.00|6.00|8.00|10.00;128.57|257.15|385.72|514.30|642.87;55.72;0.88679|0.88720|0.88802|0.88925|0.89089;0.88671|0.88698|0.88746|0.88815|0.88903;0.88589|0.88657|0.88705|0.88774|0.88862;0.88589|0.88657|0.88705|0.88774|0.88862;0.89335;2;2;223.19;2025.04.21 11:30
2025.04.21 11:31;Close;10012;AUDCAD_l;Long;m1;Super Minor(27);Uptrend;Neutral (59.9);Normal (11 vs 31 points);No News;2.00|4.00|6.00|8.00|10.00;128.52|257.05|385.57|514.10|642.62;44.46;0.88653|0.88622|0.88560|0.88467|0.88343;0.88664|0.88643|0.88607|0.88556|0.88488;0.88726|0.88674|0.88638|0.88587|0.88519;0.88788|0.88705|0.88669|0.88618|0.88550;0.88157;2;2;302.60;2025.04.21 13:46
2025.04.21 15:25;Close;10013;AUDCAD_l;Long;m1;Super Minor(11);Uptrend;Neutral (49.0);Normal (12 vs 37 points);No News;2.00|4.00|6.00|8.00|10.00;128.37|256.74|385.10|513.47|641.84;51.17;0.88617|0.88580|0.88506|0.88395|0.88247;0.88629|0.88604|0.88561|0.88500|0.88419;0.88703|0.88641|0.88598|0.88537|0.88456;0.88777|0.88678|0.88635|0.88574|0.88493;0.88025;2;2;356.63;2025.04.21 15:51
2025.04.21 19:50;Close;10014;AUDCAD_l;Short;m1;Super Minor(20);Uptrend;Neutral (56.0);Normal (11 vs 27 points);No News;2.00|4.00|6.00|8.00|10.00;128.27|256.54|384.81|513.08|641.35;39.89;0.88673|0.88700|0.88754|0.88835|0.88943;0.88662|0.88680|0.88712|0.88757|0.88815;0.88608|0.88653|0.88685|0.88730|0.88788;0.88608|0.88653|0.88685|0.88730|0.88788;0.89105;3;3;381.39;2025.04.21 20:02
2025.04.21 22:03;Close;10015;AUDCAD_l;Short;m1;Super Minor(28);Uptrend;Neutral (62.3);Normal (11 vs 28 points);No News;2.00|4.00|6.00|8.00|10.00;128.36|256.71|385.07|513.42|641.78;41.00;0.88763|0.88791|0.88847|0.88931|0.89043;0.88752|0.88771|0.88803|0.88850|0.88911;0.88696|0.88743|0.88775|0.88822|0.88883;0.88696|0.88743|0.88775|0.88822|0.88883;0.89211;2;2;166.33;2025.04.21 22:43
2025.04.22 03:14;Close;10016;AUDCAD_l;Long;m1;Major(97);Uptrend;Neutral (48.3);Normal (11 vs 45 points);No News;2.00|4.00|6.00|8.00|10.00;128.33|256.66|384.99|513.32|641.65;60.05;0.88729|0.88684|0.88594|0.88459|0.88279;0.88740|0.88710|0.88658|0.88583|0.88485;0.88830|0.88755|0.88703|0.88628|0.88530;0.88920|0.88800|0.88748|0.88673|0.88575;0.88009;2;2;425.15;2025.04.22 04:35
2025.04.22 04:31;Close;10017;AUDCAD_l;Short;m1;Super Minor(24);Uptrend;Neutral (55.8);Normal (11 vs 41 points);No News;2.00|4.00|6.00|8.00|10.00;128.38|256.77|385.15|513.54|641.92;55.57;0.88776|0.88817|0.88899|0.89022|0.89186;0.88765|0.88792|0.88840|0.88909|0.88997;0.88683|0.88751|0.88799|0.88868|0.88956;0.88683|0.88751|0.88799|0.88868|0.88956;0.89432;2;2;228.41;2025.04.22 04:58
2025.04.22 09:30;Close;10018;AUDCAD_l;Short;m1;Super Minor(30);Uptrend;Neutral (56.0);Normal (9 vs 44 points);No News;2.00|4.00|6.00|8.00|10.00;128.71|257.42|386.13|514.84|643.55;59.05;0.88849|0.88893|0.88981|0.89113|0.89289;0.88840|0.88869|0.88921|0.88994|0.89089;0.88752|0.88825|0.88877|0.88950|0.89045;0.88752|0.88825|0.88877|0.88950|0.89045;0.89553;1;1;141.84;2025.04.22 09:37
2025.04.22 10:37;Close;10019;AUDCAD_l;Long;m1;Minor(36);Uptrend;Neutral (41.2);Normal (12 vs 50 points);No News;2.00|4.00|6.00|8.00|10.00;128.47|256.94|385.40|513.87|642.34;65.79;0.88655|0.88605|0.88505|0.88355|0.88155;0.88667|0.88634|0.88575|0.88492|0.88384;0.88767|0.88684|0.88625|0.88542|0.88434;0.88867|0.88734|0.88675|0.88592|0.88484;0.87855;5;6;2454.23;2025.04.23 04:11
2025.04.23 03:03;Close;10020;AUDCAD_l;Short;m1;Major(139);Downtrend;Neutral (60.8);Normal (10 vs 62 points);No News;2.00|4.00|6.00|8.00|10.00;127.66|255.32|382.99|510.65|638.31;79.01;0.88334|0.88396|0.88520|0.88706|0.88954;0.88324|0.88365|0.88438|0.88541|0.88675;0.88200|0.88303|0.88376|0.88479|0.88613;0.88076|0.88241|0.88314|0.88417|0.88551;0.89326;3;3;1158.94;2025.04.23 06:15
2025.04.23 06:50;Close;10021;AUDCAD_l;Short;m1;Super Minor(15);Downtrend;Neutral (58.0);Normal (9 vs 28 points);No News;2.00|4.00|6.00|8.00|10.00;127.79|255.58|383.37|511.16|638.95;40.95;0.88396|0.88424|0.88480|0.88564|0.88676;0.88387|0.88406|0.88438|0.88485|0.88546;0.88331|0.88378|0.88410|0.88457|0.88518;0.88331|0.88378|0.88410|0.88457|0.88518;0.88844;5;5;806.29;2025.04.23 11:37
2025.04.23 11:48;Close;10022;AUDCAD_l;Long;m1;Super Minor(11);Uptrend;Neutral (46.4);Normal (9 vs 49 points);No News;2.00|4.00|6.00|8.00|10.00;128.10|256.19|384.29|512.38|640.48;64.58;0.88446|0.88397|0.88299|0.88152|0.87956;0.88455|0.88422|0.88365|0.88284|0.88177;0.88553|0.88471|0.88414|0.88333|0.88226;0.88651|0.88520|0.88463|0.88382|0.88275;0.87662;1;1;283.57;2025.04.23 14:42
2025.04.23 14:31;Close;10023;AUDCAD_l;Short;m1;Major(146);Uptrend;Neutral (58.9);Normal (10 vs 35 points);No News;2.00|4.00|6.00|8.00|10.00;128.16|256.31|384.47|512.62|640.78;48.82;0.88597|0.88632|0.88702|0.88807|0.88947;0.88587|0.88610|0.88651|0.88710|0.88785;0.88517|0.88575|0.88616|0.88675|0.88750;0.88517|0.88575|0.88616|0.88675|0.88750;0.89157;5;5;1207.28;2025.04.23 16:41
2025.04.23 18:02;Close;10024;AUDCAD_l;Long;m1;Super Minor(11);Uptrend;Neutral (54.6);Normal (9 vs 95 points);No News;2.00|4.00|6.00|8.00|10.00;128.17|256.34|384.50|512.67|640.84;115.93;0.88722|0.88627|0.88437|0.88152|0.87772;0.88731|0.88668|0.88557|0.88399|0.88193;0.88921|0.88763|0.88652|0.88494|0.88288;0.89111|0.88858|0.88747|0.88589|0.88383;0.87202;4;4;2890.57;2025.04.24 17:24
2025.04.24 09:51;Close;10025;AUDCAD_l;Short;m1;Super Minor(24);Downtrend;Neutral (55.6);Normal (9 vs 35 points);No News;2.00|4.00|6.00|8.00|10.00;127.39|254.79|382.18|509.58|636.97;48.68;0.88274|0.88309|0.88379|0.88484|0.88624;0.88265|0.88288|0.88329|0.88388|0.88463;0.88195|0.88253|0.88294|0.88353|0.88428;0.88125|0.88218|0.88259|0.88318|0.88393;0.88834;5;7;1726.32;2025.04.29 17:23
2025.04.24 20:33;Close;10026;AUDCAD_l;Long;m1;Super Minor(15);Uptrend;Neutral (61.6);Normal (10 vs 29 points);No News;2.00|4.00|6.00|8.00|10.00;127.99|255.98|383.97|511.96|639.95;41.99;0.88805|0.88776|0.88718|0.88631|0.88515;0.88815|0.88796|0.88762|0.88714|0.88651;0.88873|0.88825|0.88791|0.88743|0.88680;0.88931|0.88854|0.88820|0.88772|0.88709;0.88341;3;3;618.79;2025.04.25 06:15
2025.04.25 08:13;Close;10027;AUDCAD_l;Long;m1;Minor(31);Uptrend;Neutral (59.4);Normal (11 vs 26 points);No News;2.00|4.00|6.00|8.00|10.00;128.15|256.30|384.46|512.61|640.76;38.65;0.88883|0.88857|0.88805|0.88727|0.88623;0.88894|0.88877|0.88846|0.88803|0.88747;0.88946|0.88903|0.88872|0.88829|0.88773;0.88998|0.88929|0.88898|0.88855|0.88799;0.88467;4;4;914.66;2025.04.25 10:02
2025.04.25 12:36;Close;10028;AUDCAD_l;Long;m1;Super Minor(14);Uptrend;Neutral (41.7);Normal (11 vs 24 points);No News;2.00|4.00|6.00|8.00|10.00;127.72|255.44|383.17|510.89|638.61;36.35;0.88675|0.88651|0.88603|0.88531|0.88435;0.88686|0.88670|0.88642|0.88602|0.88550;0.88734|0.88694|0.88666|0.88626|0.88574;0.88734|0.88694|0.88666|0.88626|0.88574;0.88291;5;5;772.07;2025.04.25 17:05
2025.04.28 02:45;Close;10029;AUDCAD_l;Long;m1;Super Minor(23);Downtrend;Neutral (41.1);Normal (10 vs 23 points);No News;2.00|4.00|6.00|8.00|10.00;127.74|255.48|383.23|510.97|638.71;35.30;0.88541|0.88518|0.88472|0.88403|0.88311;0.88551|0.88536|0.88509|0.88471|0.88421;0.88597|0.88559|0.88532|0.88494|0.88444;0.88597|0.88559|0.88532|0.88494|0.88444;0.88173;2;2;125.40;2025.04.28 03:14
2025.04.28 10:01;Close;10030;AUDCAD_l;Long;m1;Super Minor(28);Downtrend;Neutral (41.9);Normal (6 vs 44 points);No News;2.00|4.00|6.00|8.00|10.00;127.62|255.25|382.87|510.50|638.12;58.70;0.88574|0.88530|0.88442|0.88310|0.88134;0.88580|0.88551|0.88499|0.88426|0.88331;0.88668|0.88595|0.88543|0.88470|0.88375;0.88668|0.88595|0.88543|0.88470|0.88375;0.87870;3;3;421.94;2025.04.28 11:32
2025.04.28 23:28;Close;10031;AUDCAD_l;Long;m1;Super Minor(26);Uptrend;Neutral (52.9);Normal (11 vs 14 points);No News;2.00|4.00|6.00|8.00|10.00;128.67|257.34|386.00|514.67|643.34;25.35;0.88879|0.88865|0.88837|0.88795|0.88739;0.88890|0.88881|0.88864|0.88841|0.88811;0.88918|0.88895|0.88878|0.88855|0.88825;0.88946|0.88909|0.88892|0.88869|0.88839;0.88655;1;1;82.44;2025.04.28 23:51
2025.04.29 01:58;Close;10032;AUDCAD_l;Long;m1;Super Minor(19);Uptrend;Neutral (52.7);Normal (11 vs 15 points);No News;2.00|4.00|6.00|8.00|10.00;128.59|257.18|385.77|514.36|642.95;26.45;0.88903|0.88888|0.88858|0.88813|0.88753;0.88914|0.88904|0.88887|0.88862|0.88829;0.88944|0.88919|0.88902|0.88877|0.88844;0.88974|0.88934|0.88917|0.88892|0.88859;0.88663;2;2;161.97;2025.04.29 02:53
2025.04.29 03:11;Close;10033;AUDCAD_l;Long;m1;Major(146);Uptrend;Neutral (44.6);Normal (11 vs 27 points);No News;2.00|4.00|6.00|8.00|10.00;128.52|257.05|385.57|514.10|642.62;39.90;0.88865|0.88838|0.88784|0.88703|0.88595;0.88876|0.88858|0.88827|0.88782|0.88723;0.88930|0.88885|0.88854|0.88809|0.88750;0.88984|0.88912|0.88881|0.88836|0.88777;0.88433;1;1;154.67;2025.04.29 05:01
2025.04.29 05:40;Close;10034;AUDCAD_l;Long;m1;Super Minor(15);Uptrend;Neutral (48.0);Normal (10 vs 37 points);No News;2.00|4.00|6.00|8.00|10.00;128.67|257.35|386.02|514.70|643.37;51.14;0.88895|0.88858|0.88784|0.88673|0.88525;0.88905|0.88880|0.88837|0.88776|0.88695;0.88979|0.88917|0.88874|0.88813|0.88732;0.89053|0.88954|0.88911|0.88850|0.88769;0.88303;2;2;353.57;2025.04.29 06:24
2025.04.29 07:31;Close;10035;AUDCAD_l;Long;m1;Minor(41);Uptrend;Neutral (45.3);Normal (9 vs 22 points);No News;2.00|4.00|6.00|8.00|10.00;128.31|256.62|384.93|513.24|641.55;34.22;0.88866|0.88844|0.88800|0.88734|0.88646;0.88875|0.88860|0.88835|0.88798|0.88750;0.88919|0.88882|0.88857|0.88820|0.88772;0.88963|0.88904|0.88879|0.88842|0.88794;0.88514;2;2;214.97;2025.04.29 07:56
2025.04.29 10:23;Close;10036;AUDCAD_l;Long;m1;Super Minor(19);Uptrend;Neutral (40.1);Normal (11 vs 34 points);No News;2.00|4.00|6.00|8.00|10.00;128.46|256.91|385.37|513.82|642.28;47.72;0.88825|0.88791|0.88723|0.88621|0.88485;0.88836|0.88813|0.88774|0.88717|0.88643;0.88904|0.88847|0.88808|0.88751|0.88677;0.88972|0.88881|0.88842|0.88785|0.88711;0.88281;2;2;331.28;2025.04.29 10:47
2025.04.29 16:53;Close;10037;AUDCAD_l;Long;m1;Minor(49);Downtrend;Neutral (37.3);Normal (7 vs 55 points);No News;2.00|4.00|6.00|8.00|10.00;127.88|255.76|383.63|511.51|639.39;71.17;0.88528|0.88473|0.88363|0.88198|0.87978;0.88535|0.88498|0.88434|0.88343|0.88223;0.88645|0.88553|0.88489|0.88398|0.88278;0.88645|0.88553|0.88489|0.88398|0.88278;0.87648;3;3;519.39;2025.04.30 04:31
2025.04.30 04:59;Close;10038;AUDCAD_l;Short;m1;Super Minor(26);Downtrend;Overbought (72.5);Normal (10 vs 42 points);No News;2.00|4.00|6.00|8.00|10.00;127.96|255.92|383.88|511.84|639.80;56.62;0.88552|0.88594|0.88678|0.88804|0.88972;0.88542|0.88570|0.88619|0.88689|0.88780;0.88458|0.88528|0.88577|0.88647|0.88738;0.88374|0.88486|0.88535|0.88605|0.88696;0.89224;3;3;815.63;2025.04.30 10:24
2025.04.30 10:04;Close;10039;AUDCAD_l;Long;m1;Super Minor(28);Downtrend;Neutral (48.8);Normal (10 vs 34 points);No News;2.00|4.00|6.00|8.00|10.00;128.09|256.18|384.26|512.35|640.44;47.71;0.88560|0.88526|0.88458|0.88356|0.88220;0.88570|0.88547|0.88508|0.88451|0.88377;0.88638|0.88581|0.88542|0.88485|0.88411;0.88638|0.88581|0.88542|0.88485|0.88411;0.88016;5;6;944.07;2025.05.01 02:48
2025.04.30 17:35;Close;10040;AUDCAD_l;Short;m1;Super Minor(12);Downtrend;Neutral (42.9);Normal (8 vs 45 points);No News;2.00|4.00|6.00|8.00|10.00;127.56|255.12|382.67|510.23|637.79;60.01;0.88200|0.88245|0.88335|0.88470|0.88650;0.88192|0.88222|0.88275|0.88350|0.88447;0.88102|0.88177|0.88230|0.88305|0.88402;0.88012|0.88132|0.88185|0.88260|0.88357;0.88920;4;4;1427.85;2025.05.01 07:30
2025.05.01 10:59;Close;10041;AUDCAD_l;Long;m1;Major(131);Downtrend;Neutral (38.3);Normal (10 vs 34 points);No News;2.00|4.00|6.00|8.00|10.00;127.69|255.38|383.08|510.77|638.46;47.73;0.88162|0.88128|0.88060|0.87958|0.87822;0.88172|0.88149|0.88110|0.88053|0.87979;0.88240|0.88183|0.88144|0.88087|0.88013;0.88240|0.88183|0.88144|0.88087|0.88013;0.87618;1;1;98.51;2025.05.01 11:23
2025.05.01 13:45;Close;10042;AUDCAD_l;Short;m1;Super Minor(27);Downtrend;Neutral (50.7);Normal (7 vs 30 points);No News;2.00|4.00|6.00|8.00|10.00;127.76|255.52|383.27|511.03|638.79;43.24;0.88238|0.88268|0.88328|0.88418|0.88538;0.88231|0.88251|0.88286|0.88336|0.88401;0.88171|0.88221|0.88256|0.88306|0.88371;0.88111|0.88191|0.88226|0.88276|0.88341;0.88718;3;3;581.76;2025.05.01 15:30
2025.05.01 17:00;Close;10043;AUDCAD_l;Long;m1;Super Minor(26);Downtrend;Neutral (36.0);Normal (3 vs 53 points);No News;2.00|4.00|6.00|8.00|10.00;127.72|255.44|383.17|510.89|638.61;69.11;0.88096|0.88043|0.87937|0.87778|0.87566;0.88099|0.88064|0.88002|0.87914|0.87799;0.88205|0.88117|0.88055|0.87967|0.87852;0.88205|0.88117|0.88055|0.87967|0.87852;0.87248;1;1;149.23;2025.05.01 17:06
2025.05.01 17:32;Close;10044;AUDCAD_l;Long;m1;Mid Major(58);Downtrend;Neutral (31.5);Normal (10 vs 54 points);No News;2.00|4.00|6.00|8.00|10.00;127.50|255.01|382.51|510.02|637.52;70.18;0.88021|0.87967|0.87859|0.87697|0.87481;0.88031|0.87995|0.87932|0.87842|0.87725;0.88139|0.88049|0.87986|0.87896|0.87779;0.88139|0.88049|0.87986|0.87896|0.87779;0.87157;1;1;157.82;2025.05.01 17:40
2025.05.01 18:16;Close;10045;AUDCAD_l;Short;m1;Super Minor(17);Downtrend;Neutral (60.9);Normal (7 vs 48 points);No News;2.00|4.00|6.00|8.00|10.00;127.76|255.52|383.28|511.04|638.80;63.37;0.88342|0.88390|0.88486|0.88630|0.88822;0.88335|0.88367|0.88423|0.88503|0.88607;0.88239|0.88319|0.88375|0.88455|0.88559;0.88143|0.88271|0.88327|0.88407|0.88511;0.89110;2;2;447.35;2025.05.01 18:46
2025.05.01 19:05;Close;10046;AUDCAD_l;Long;m1;Super Minor(14);Downtrend;Neutral (47.2);Normal (11 vs 39 points);No News;2.00|4.00|6.00|8.00|10.00;127.36|254.71|382.07|509.42|636.78;53.19;0.88198|0.88159|0.88081|0.87964|0.87808;0.88209|0.88183|0.88138|0.88073|0.87988;0.88287|0.88222|0.88177|0.88112|0.88027;0.88287|0.88222|0.88177|0.88112|0.88027;0.87574;1;1;112.62;2025.05.01 20:12
2025.05.01 21:11;Close;10047;AUDCAD_l;Short;m1;Mid Major(52);Downtrend;Neutral (61.2);Normal (10 vs 29 points);No News;2.00|4.00|6.00|8.00|10.00;127.55|255.10|382.65|510.20|637.75;42.01;0.88361|0.88390|0.88448|0.88535|0.88651;0.88351|0.88370|0.88404|0.88453|0.88515;0.88293|0.88341|0.88375|0.88424|0.88486;0.88293|0.88341|0.88375|0.88424|0.88486;0.88825;3;3;356.82;2025.05.01 22:11
2025.05.01 23:00;Close;10048;AUDCAD_l;Long;m1;Super Minor(15);Downtrend;Neutral (55.0);Normal (7 vs 26 points);No News;2.00|4.00|6.00|8.00|10.00;127.67|255.34|383.02|510.69|638.36;38.67;0.88349|0.88323|0.88271|0.88193|0.88089;0.88356|0.88339|0.88308|0.88265|0.88209;0.88408|0.88365|0.88334|0.88291|0.88235;0.88408|0.88365|0.88334|0.88291|0.88235;0.87933;2;2;137.23;2025.05.01 23:23
2025.05.02 03:22;Close;10049;AUDCAD_l;Short;m1;Super Minor(28);Uptrend;Overbought (72.6);Normal (7 vs 54 points);No News;2.00|4.00|6.00|8.00|10.00;127.90|255.80|383.70|511.60|639.50;70.05;0.88536|0.88590|0.88698|0.88860|0.89076;0.88529|0.88565|0.88628|0.88718|0.88835;0.88421|0.88511|0.88574|0.88664|0.88781;0.88421|0.88511|0.88574|0.88664|0.88781;0.89400;3;3;532.07;2025.05.02 06:10
2025.05.02 11:46;Close;10050;AUDCAD_l;Short;m1;Super Minor(28);Uptrend;Neutral (65.4);Normal (8 vs 36 points);No News;2.00|4.00|6.00|8.00|10.00;128.38|256.76|385.13|513.51|641.89;49.97;0.88776|0.88812|0.88884|0.88992|0.89136;0.88768|0.88792|0.88834|0.88894|0.88972;0.88696|0.88756|0.88798|0.88858|0.88936;0.88696|0.88756|0.88798|0.88858|0.88936;0.89352;4;4;656.63;2025.05.02 15:30
2025.05.02 18:53;Close;10051;AUDCAD_l;Long;m1;Super Minor(23);Uptrend;Neutral (42.8);Normal (5 vs 33 points);No News;2.00|4.00|6.00|8.00|10.00;128.88|257.75|386.63|515.50|644.38;46.75;0.88854|0.88821|0.88755|0.88656|0.88524;0.88859|0.88837|0.88799|0.88744|0.88672;0.88925|0.88870|0.88832|0.88777|0.88705;0.88991|0.88903|0.88865|0.88810|0.88738;0.88326;1;1;191.52;2025.05.02 19:02
2025.05.02 23:20;Close;10052;AUDCAD_l;Short;m1;Mid Major(52);Uptrend;Neutral (60.3);Normal (9 vs 19 points);No News;2.00|4.00|6.00|8.00|10.00;128.98|257.97|386.95|515.94|644.92;30.98;0.89070|0.89089|0.89127|0.89184|0.89260;0.89061|0.89074|0.89096|0.89128|0.89169;0.89023|0.89055|0.89077|0.89109|0.89150;0.89023|0.89055|0.89077|0.89109|0.89150;0.89374;2;2;131.74;2025.05.02 23:58
2025.05.05 00:46;Close;10053;AUDCAD_l;Short;m1;Major(94);Uptrend;Neutral (62.3);Normal (34 vs 43 points);No News;2.00|4.00|6.00|8.00|10.00;129.05|258.11|387.16|516.22|645.27;57.94;0.89117|0.89160|0.89246|0.89375|0.89547;0.89083|0.89112|0.89162|0.89234|0.89327;0.88997|0.89069|0.89119|0.89191|0.89284;0.88997|0.89069|0.89119|0.89191|0.89284;0.89805;2;2;342.87;2025.05.05 03:02
2025.05.05 04:02;Close;10054;AUDCAD_l;Short;m1;Super Minor(17);Uptrend;Neutral (53.0);Normal (9 vs 36 points);No News;2.00|4.00|6.00|8.00|10.00;128.97|257.94|386.92|515.89|644.86;50.05;0.89086|0.89122|0.89194|0.89302|0.89446;0.89077|0.89101|0.89143|0.89203|0.89281;0.89005|0.89065|0.89107|0.89167|0.89245;0.89005|0.89065|0.89107|0.89167|0.89245;0.89662;5;6;993.43;2025.05.06 03:17
2025.05.05 06:37;Close;10055;AUDCAD_l;Long;m1;Super Minor(24);Uptrend;Neutral (53.8);Normal (10 vs 23 points);No News;2.00|4.00|6.00|8.00|10.00;129.25|258.49|387.74|516.98|646.23;35.52;0.89211|0.89188|0.89142|0.89073|0.88981;0.89221|0.89206|0.89179|0.89141|0.89091;0.89267|0.89229|0.89202|0.89164|0.89114;0.89313|0.89252|0.89225|0.89187|0.89137;0.88843;2;2;237.71;2025.05.05 07:56
2025.05.05 16:59;Close;10056;AUDCAD_l;Long;m1;Super Minor(26);Uptrend;Neutral (50.4);Normal (6 vs 47 points);No News;2.00|4.00|6.00|8.00|10.00;129.61|259.21|388.82|518.42|648.03;62.47;0.89481|0.89434|0.89340|0.89199|0.89011;0.89487|0.89456|0.89401|0.89323|0.89221;0.89581|0.89503|0.89448|0.89370|0.89268;0.89675|0.89550|0.89495|0.89417|0.89315;0.88729;4;4;1505.13;2025.05.06 19:39
2025.05.06 07:54;Close;10057;AUDCAD_l;Short;m1;Minor(36);Uptrend;Neutral (57.3);Normal (10 vs 23 points);No News;2.00|4.00|6.00|8.00|10.00;129.35|258.70|388.05|517.40|646.75;35.49;0.89351|0.89374|0.89420|0.89489|0.89581;0.89341|0.89356|0.89383|0.89422|0.89471;0.89295|0.89333|0.89360|0.89399|0.89448;0.89295|0.89333|0.89360|0.89399|0.89448;0.89719;2;2;144.73;2025.05.06 08:18
2025.05.06 14:17;Close;10058;AUDCAD_l;Short;m1;Super Minor(18);Uptrend;Neutral (54.7);Normal (10 vs 27 points);No News;2.00|4.00|6.00|8.00|10.00;129.22|258.44|387.66|516.88|646.10;39.98;0.89236|0.89263|0.89317|0.89398|0.89506;0.89226|0.89244|0.89276|0.89321|0.89379;0.89172|0.89217|0.89249|0.89294|0.89352;0.89172|0.89217|0.89249|0.89294|0.89352;0.89668;1;1;94.14;2025.05.06 14:49
2025.05.06 18:36;Close;10059;AUDCAD_l;Short;m1;Mid Major(69);Uptrend;Neutral (66.0);Normal (8 vs 29 points);No News;2.00|4.00|6.00|8.00|10.00;129.73|259.46|389.20|518.93|648.66;42.35;0.89402|0.89431|0.89489|0.89576|0.89692;0.89394|0.89413|0.89447|0.89496|0.89558;0.89336|0.89384|0.89418|0.89467|0.89529;0.89336|0.89384|0.89418|0.89467|0.89529;0.89866;1;1;95.86;2025.05.06 19:24
2025.05.06 19:39;Close;10060;AUDCAD_l;Short;m1;Major(125);Uptrend;Neutral (63.9);Normal (8 vs 44 points);No News;2.00|4.00|6.00|8.00|10.00;129.91|259.82|389.74|519.65|649.56;59.30;0.89406|0.89450|0.89538|0.89670|0.89846;0.89398|0.89427|0.89479|0.89552|0.89647;0.89310|0.89383|0.89435|0.89508|0.89603;0.89310|0.89383|0.89435|0.89508|0.89603;0.90110;2;2;232.31;2025.05.06 19:49
2025.05.07 01:30;Close;10061;AUDCAD_l;Short;m1;Super Minor(20);Uptrend;Overbought (71.5);Normal (9 vs 55 points);No News;2.00|4.00|6.00|8.00|10.00;130.28|260.56|390.84|521.12|651.40;71.66;0.89713|0.89768|0.89878|0.90043|0.90263;0.89704|0.89741|0.89805|0.89897|0.90016;0.89594|0.89686|0.89750|0.89842|0.89961;0.89594|0.89686|0.89750|0.89842|0.89961;0.90593;1;1;166.98;2025.05.07 01:33
2025.05.07 04:32;Close;10062;AUDCAD_l;Long;m1;Super Minor(10);Uptrend;Neutral (45.6);Normal (8 vs 82 points);No News;2.00|4.00|6.00|8.00|10.00;129.73|259.47|389.20|518.94|648.67;101.90;0.89432|0.89350|0.89186|0.88940|0.88612;0.89440|0.89385|0.89290|0.89153|0.88975;0.89604|0.89467|0.89372|0.89235|0.89057;0.89768|0.89549|0.89454|0.89317|0.89139;0.88120;4;4;2492.10;2025.05.09 16:19
2025.05.07 21:01;Close;10063;AUDCAD_l;Short;m1;Super Minor(16);Downtrend;Neutral (41.4);Normal (12 vs 38 points);No News;2.00|4.00|6.00|8.00|10.00;129.02|258.03|387.05|516.06|645.08;52.35;0.89050|0.89088|0.89164|0.89278|0.89430;0.89038|0.89063|0.89108|0.89171|0.89253;0.88962|0.89025|0.89070|0.89133|0.89215;0.88886|0.88987|0.89032|0.89095|0.89177;0.89658;2;2;388.23;2025.05.07 21:19
2025.05.08 03:57;Close;10064;AUDCAD_l;Short;m1;Mid Major(75);Downtrend;Neutral (57.8);Normal (3 vs 40 points);No News;2.00|4.00|6.00|8.00|10.00;128.79|257.59|386.38|515.18|643.97;54.50;0.89016|0.89056|0.89136|0.89256|0.89416;0.89013|0.89040|0.89086|0.89153|0.89240;0.88933|0.89000|0.89046|0.89113|0.89200;0.88853|0.88960|0.89006|0.89073|0.89160;0.89656;4;4;1214.21;2025.05.08 09:15
2025.05.08 13:06;Close;10065;AUDCAD_l;Short;m1;Minor(41);Downtrend;Neutral (49.7);Normal (8 vs 31 points);No News;2.00|4.00|6.00|8.00|10.00;128.23|256.46|384.70|512.93|641.16;44.22;0.89023|0.89054|0.89116|0.89209|0.89333;0.89015|0.89036|0.89072|0.89124|0.89191;0.88953|0.89005|0.89041|0.89093|0.89160;0.88891|0.88974|0.89010|0.89062|0.89129;0.89519;4;4;1090.87;2025.05.08 18:01
2025.05.09 05:53;Close;10066;AUDCAD_l;Short;m1;Super Minor(15);Downtrend;Neutral (51.6);Normal (6 vs 34 points);No News;2.00|4.00|6.00|8.00|10.00;127.89|255.79|383.68|511.58|639.47;47.44;0.89047|0.89081|0.89149|0.89251|0.89387;0.89041|0.89064|0.89103|0.89160|0.89234;0.88973|0.89030|0.89069|0.89126|0.89200;0.88905|0.88996|0.89035|0.89092|0.89166;0.89591;3;3;639.45;2025.05.09 13:03
2025.05.09 15:43;Close;10067;AUDCAD_l;Short;m1;Major(83);Uptrend;Neutral (56.9);Normal (8 vs 27 points);No News;2.00|4.00|6.00|8.00|10.00;128.13|256.27|384.40|512.54|640.67;39.67;0.89150|0.89177|0.89231|0.89312|0.89420;0.89142|0.89160|0.89192|0.89237|0.89295;0.89088|0.89133|0.89165|0.89210|0.89268;0.89034|0.89106|0.89138|0.89183|0.89241;0.89582;5;5;2137.42;2025.05.12 00:13
2025.05.09 19:56;Close;10068;AUDCAD_l;Long;m1;Super Minor(11);Uptrend;Neutral (56.9);Normal (10 vs 26 points);No News;2.00|4.00|6.00|8.00|10.00;128.31|256.63|384.94|513.26|641.57;38.55;0.89377|0.89351|0.89299|0.89221|0.89117;0.89387|0.89370|0.89339|0.89296|0.89240;0.89439|0.89396|0.89365|0.89322|0.89266;0.89491|0.89422|0.89391|0.89348|0.89292;0.88961;4;4;993.32;2025.05.12 00:53
2025.05.12 08:57;Close;10069;AUDCAD_l;Short;m1;Major(113);Uptrend;Neutral (65.2);Normal (11 vs 31 points);No News;2.00|4.00|6.00|8.00|10.00;128.68|257.36|386.05|514.73|643.41;44.15;0.89619|0.89650|0.89712|0.89805|0.89929;0.89608|0.89629|0.89665|0.89717|0.89784;0.89546|0.89598|0.89634|0.89686|0.89753;0.89546|0.89598|0.89634|0.89686|0.89753;0.90115;2;2;179.63;2025.05.12 09:15
2025.05.12 11:39;Close;10070;AUDCAD_l;Long;m1;Minor(48);Uptrend;Neutral (41.9);Normal (9 vs 69 points);No News;2.00|4.00|6.00|8.00|10.00;127.99|255.98|383.97|511.96|639.95;86.17;0.89362|0.89293|0.89155|0.88948|0.88672;0.89371|0.89325|0.89245|0.89130|0.88980;0.89509|0.89394|0.89314|0.89199|0.89049;0.89647|0.89463|0.89383|0.89268|0.89118;0.88258;2;2;630.18;2025.05.12 16:17
2025.05.12 18:54;Close;10071;AUDCAD_l;Long;m1;Mid Major(57);Downtrend;Neutral (33.2);Normal (7 vs 44 points);No News;2.00|4.00|6.00|8.00|10.00;127.32|254.64|381.96|509.28|636.60;58.26;0.89145|0.89101|0.89013|0.88881|0.88705;0.89152|0.89123|0.89071|0.88998|0.88903;0.89240|0.89167|0.89115|0.89042|0.88947;0.89240|0.89167|0.89115|0.89042|0.88947;0.88441;2;2;211.30;2025.05.12 19:41
2025.05.13 01:13;Close;10072;AUDCAD_l;Short;m1;Super Minor(21);Downtrend;Neutral (45.2);Normal (6 vs 20 points);No News;2.00|4.00|6.00|8.00|10.00;127.44|254.88|382.31|509.75|637.19;31.73;0.89065|0.89085|0.89125|0.89185|0.89265;0.89059|0.89072|0.89096|0.89129|0.89172;0.89019|0.89052|0.89076|0.89109|0.89152;0.88979|0.89032|0.89056|0.89089|0.89132;0.89385;2;2;207.48;2025.05.13 01:45
2025.05.13 03:13;Close;10073;AUDCAD_l;Short;m1;Minor(45);Downtrend;Neutral (52.5);Normal (11 vs 34 points);No News;2.00|4.00|6.00|8.00|10.00;127.53|255.06|382.58|510.11|637.64;47.28;0.89103|0.89137|0.89205|0.89307|0.89443;0.89092|0.89115|0.89154|0.89211|0.89285;0.89024|0.89081|0.89120|0.89177|0.89251;0.88956|0.89047|0.89086|0.89143|0.89217;0.89647;5;9;1711.55;2025.05.20 15:31
2025.05.13 17:12;Close;10074;AUDCAD_l;Long;m1;Super Minor(22);Uptrend;Neutral (68.6);Normal (9 vs 43 points);No News;2.00|4.00|6.00|8.00|10.00;128.55|257.10|385.66|514.21|642.76;57.27;0.89924|0.89881|0.89795|0.89666|0.89494;0.89933|0.89904|0.89854|0.89783|0.89689;0.90019|0.89947|0.89897|0.89826|0.89732;0.90105|0.89990|0.89940|0.89869|0.89775;0.89236;1;1;242.93;2025.05.13 17:37
2025.05.13 21:43;Close;10075;AUDCAD_l;Long;m1;Super Minor(14);Uptrend;Neutral (63.4);Normal (11 vs 20 points);No News;2.00|4.00|6.00|8.00|10.00;129.51|259.02|388.52|518.03|647.54;31.95;0.90269|0.90249|0.90209|0.90149|0.90069;0.90280|0.90267|0.90243|0.90210|0.90167;0.90320|0.90287|0.90263|0.90230|0.90187;0.90360|0.90307|0.90283|0.90250|0.90207;0.89949;4;4;758.27;2025.05.14 04:30
2025.05.14 06:43;Close;10076;AUDCAD_l;Long;m1;Mid Major(65);Uptrend;Neutral (43.7);Normal (9 vs 23 points);No News;2.00|4.00|6.00|8.00|10.00;129.56|259.12|388.69|518.25|647.81;35.33;0.90162|0.90139|0.90093|0.90024|0.89932;0.90171|0.90156|0.90129|0.90091|0.90041;0.90217|0.90179|0.90152|0.90114|0.90064;0.90263|0.90202|0.90175|0.90137|0.90087;0.89794;2;2;226.95;2025.05.14 08:20
2025.05.14 11:50;Close;10077;AUDCAD_l;Long;m1;Super Minor(15);Uptrend;Neutral (55.7);Normal (9 vs 48 points);No News;2.00|4.00|6.00|8.00|10.00;129.80|259.60|389.39|519.19|648.99;63.21;0.90285|0.90237|0.90141|0.89997|0.89805;0.90294|0.90262|0.90206|0.90126|0.90022;0.90390|0.90310|0.90254|0.90174|0.90070;0.90486|0.90358|0.90302|0.90222|0.90118;0.89517;5;5;2272.42;2025.05.15 04:30
2025.05.15 08:19;Close;10078;AUDCAD_l;Long;m1;Minor(44);Downtrend;Neutral (38.9);Normal (10 vs 31 points);No News;2.00|4.00|6.00|8.00|10.00;128.57|257.14|385.70|514.27|642.84;44.03;0.89804|0.89773|0.89711|0.89618|0.89494;0.89814|0.89793|0.89757|0.89706|0.89638;0.89876|0.89824|0.89788|0.89737|0.89669;0.89876|0.89824|0.89788|0.89737|0.89669;0.89308;3;3;352.05;2025.05.15 08:56
2025.05.15 13:21;Close;10079;AUDCAD_l;Long;m1;Minor(35);Downtrend;Neutral (31.9);Normal (6 vs 24 points);No News;2.00|4.00|6.00|8.00|10.00;128.29|256.59|384.88|513.18|641.47;36.24;0.89642|0.89618|0.89570|0.89498|0.89402;0.89648|0.89632|0.89604|0.89564|0.89512;0.89696|0.89656|0.89628|0.89588|0.89536;0.89696|0.89656|0.89628|0.89588|0.89536;0.89258;3;3;248.84;2025.05.15 15:03
2025.05.15 17:41;Close;10080;AUDCAD_l;Long;m1;Mid Major(56);Downtrend;Neutral (37.5);Normal (10 vs 37 points);No News;2.00|4.00|6.00|8.00|10.00;127.93|255.87|383.80|511.74|639.67;50.57;0.89528|0.89491|0.89417|0.89306|0.89158;0.89538|0.89513|0.89470|0.89409|0.89328;0.89612|0.89550|0.89507|0.89446|0.89365;0.89612|0.89550|0.89507|0.89446|0.89365;0.88936;2;2;190.07;2025.05.15 17:53
2025.05.15 21:22;Close;10081;AUDCAD_l;Long;m1;Minor(38);Downtrend;Neutral (32.5);Normal (11 vs 18 points);No News;2.00|4.00|6.00|8.00|10.00;128.02|256.05|384.07|512.10|640.12;29.58;0.89396|0.89378|0.89342|0.89288|0.89216;0.89407|0.89395|0.89374|0.89344|0.89305;0.89443|0.89413|0.89392|0.89362|0.89323;0.89443|0.89413|0.89392|0.89362|0.89323;0.89108;2;2;110.26;2025.05.15 21:43
2025.05.16 01:58;Close;10082;AUDCAD_l;Long;m1;Super Minor(15);Downtrend;Neutral (41.6);Normal (7 vs 19 points);No News;2.00|4.00|6.00|8.00|10.00;128.11|256.22|384.34|512.45|640.56;30.70;0.89385|0.89366|0.89328|0.89271|0.89195;0.89392|0.89379|0.89357|0.89326|0.89284;0.89430|0.89398|0.89376|0.89345|0.89303;0.89430|0.89398|0.89376|0.89345|0.89303;0.89081;2;2;107.48;2025.05.16 03:01
2025.05.16 13:37;Close;10083;AUDCAD_l;Long;m1;Minor(46);Downtrend;Neutral (48.0);Normal (10 vs 21 points);No News;2.00|4.00|6.00|8.00|10.00;128.38|256.77|385.15|513.54|641.92;32.95;0.89595|0.89574|0.89532|0.89469|0.89385;0.89605|0.89591|0.89567|0.89532|0.89486;0.89647|0.89612|0.89588|0.89553|0.89507;0.89647|0.89612|0.89588|0.89553|0.89507;0.89259;4;4;449.77;2025.05.16 17:08
2025.05.16 18:23;Close;10084;AUDCAD_l;Long;m1;Minor(42);Downtrend;Neutral (33.0);Normal (8 vs 34 points);No News;2.00|4.00|6.00|8.00|10.00;127.82|255.64|383.45|511.27|639.09;47.27;0.89376|0.89342|0.89274|0.89172|0.89036;0.89384|0.89361|0.89322|0.89265|0.89191;0.89452|0.89395|0.89356|0.89299|0.89225;0.89452|0.89395|0.89356|0.89299|0.89225;0.88832;1;1;102.92;2025.05.16 19:00
2025.05.16 23:02;Close;10085;AUDCAD_l;Long;m1;Super Minor(12);Downtrend;Neutral (50.6);Normal (9 vs 22 points);No News;2.00|4.00|6.00|8.00|10.00;128.11|256.22|384.34|512.45|640.56;34.00;0.89531|0.89509|0.89465|0.89399|0.89311;0.89540|0.89525|0.89500|0.89463|0.89415;0.89584|0.89547|0.89522|0.89485|0.89437;0.89584|0.89547|0.89522|0.89485|0.89437;0.89179;4;4;432.67;2025.05.19 03:49
2025.05.19 07:42;Close;10086;AUDCAD_l;Long;m1;Super Minor(30);Downtrend;Neutral (47.0);Normal (12 vs 16 points);No News;2.00|4.00|6.00|8.00|10.00;128.15|256.29|384.44|512.58|640.73;27.36;0.89495|0.89479|0.89447|0.89399|0.89335;0.89507|0.89496|0.89478|0.89451|0.89416;0.89539|0.89512|0.89494|0.89467|0.89432;0.89539|0.89512|0.89494|0.89467|0.89432;0.89239;4;4;433.98;2025.05.19 09:10
2025.05.20 03:51;Close;10087;AUDCAD_l;Long;m1;Minor(44);Uptrend;Neutral (47.0);Normal (10 vs 18 points);No News;2.00|4.00|6.00|8.00|10.00;128.98|257.96|386.93|515.91|644.89;29.65;0.90031|0.90013|0.89977|0.89923|0.89851;0.90041|0.90029|0.90008|0.89978|0.89939;0.90077|0.90047|0.90026|0.89996|0.89957;0.90113|0.90065|0.90044|0.90014|0.89975;0.89743;5;15;1031.20;2025.07.10 21:20
2025.05.20 17:34;Close;10088;AUDCAD_l;Short;m1;Minor(39);Downtrend;Neutral (37.4);Normal (9 vs 33 points);No News;2.00|4.00|6.00|8.00|10.00;127.97|255.94|383.92|511.89|639.86;46.29;0.89187|0.89220|0.89286|0.89385|0.89517;0.89178|0.89200|0.89239|0.89294|0.89365;0.89112|0.89167|0.89206|0.89261|0.89332;0.89046|0.89134|0.89173|0.89228|0.89299;0.89715;5;5;1630.02;2025.05.21 16:25
2025.05.22 10:56;Close;10089;AUDCAD_l;Short;m1;Super Minor(27);Downtrend;Neutral (61.9);Normal (9 vs 34 points);No News;2.00|4.00|6.00|8.00|10.00;128.93|257.85|386.78|515.70|644.63;47.69;0.89321|0.89355|0.89423|0.89525|0.89661;0.89312|0.89335|0.89374|0.89431|0.89505;0.89244|0.89301|0.89340|0.89397|0.89471;0.89176|0.89267|0.89306|0.89363|0.89437;0.89865;3;3;673.29;2025.05.22 11:49
2025.05.22 21:20;Close;10090;AUDCAD_l;Short;m1;Super Minor(25);Downtrend;Neutral (41.7);Normal (10 vs 17 points);No News;2.00|4.00|6.00|8.00|10.00;128.28|256.55|384.83|513.10|641.38;28.62;0.88913|0.88930|0.88964|0.89015|0.89083;0.88903|0.88914|0.88934|0.88963|0.88999;0.88869|0.88897|0.88917|0.88946|0.88982;0.88835|0.88880|0.88900|0.88929|0.88965;0.89185;2;2;191.84;2025.05.22 22:55
2025.05.23 03:59;Close;10091;AUDCAD_l;Short;m1;Minor(47);Downtrend;Neutral (53.8);Normal (8 vs 25 points);No News;2.00|4.00|6.00|8.00|10.00;128.33|256.66|385.00|513.33|641.66;37.59;0.88878|0.88903|0.88953|0.89028|0.89128;0.88870|0.88887|0.88916|0.88958|0.89012;0.88820|0.88862|0.88891|0.88933|0.88987;0.88770|0.88837|0.88866|0.88908|0.88962;0.89278;4;4;831.42;2025.05.23 09:38
2025.05.23 12:51;Close;10092;AUDCAD_l;Short;m1;Minor(46);Uptrend;Overbought (73.9);Normal (10 vs 20 points);No News;2.00|4.00|6.00|8.00|10.00;129.21|258.43|387.64|516.86|646.07;32.15;0.89206|0.89226|0.89266|0.89326|0.89406;0.89196|0.89209|0.89233|0.89266|0.89309;0.89156|0.89189|0.89213|0.89246|0.89289;0.89156|0.89189|0.89213|0.89246|0.89289;0.89526;3;3;330.09;2025.05.23 14:44
2025.05.23 20:43;Close;10093;AUDCAD_l;Short;m1;Super Minor(20);Uptrend;Neutral (59.6);Normal (8 vs 25 points);No News;2.00|4.00|6.00|8.00|10.00;129.93|259.86|389.79|519.72|649.65;37.96;0.89182|0.89207|0.89257|0.89332|0.89432;0.89174|0.89191|0.89220|0.89262|0.89316;0.89124|0.89166|0.89195|0.89237|0.89291;0.89074|0.89141|0.89170|0.89212|0.89266;0.89582;1;1;163.13;2025.05.26 00:46
2025.05.26 01:31;Close;10094;AUDCAD_l;Short;m1;Minor(31);Uptrend;Neutral (60.7);Normal (9 vs 38 points);No News;2.00|4.00|6.00|8.00|10.00;130.06|260.12|390.17|520.23|650.29;52.67;0.89253|0.89291|0.89367|0.89481|0.89633;0.89244|0.89269|0.89314|0.89377|0.89459;0.89168|0.89231|0.89276|0.89339|0.89421;0.89168|0.89231|0.89276|0.89339|0.89421;0.89861;2;2;217.18;2025.05.26 04:00
2025.05.26 05:07;Close;10095;AUDCAD_l;Short;m1;Super Minor(20);Uptrend;Overbought (73.9);Normal (7 vs 47 points);No News;2.00|4.00|6.00|8.00|10.00;130.71|261.42|392.13|522.84|653.55;63.01;0.89473|0.89520|0.89614|0.89755|0.89943;0.89466|0.89497|0.89552|0.89631|0.89732;0.89372|0.89450|0.89505|0.89584|0.89685;0.89372|0.89450|0.89505|0.89584|0.89685;0.90225;1;1;147.45;2025.05.26 06:00
2025.05.26 07:43;Close;10096;AUDCAD_l;Short;m1;Super Minor(22);Uptrend;Neutral (55.6);Normal (9 vs 16 points);No News;2.00|4.00|6.00|8.00|10.00;130.39|260.78|391.16|521.55|651.94;27.87;0.89342|0.89358|0.89390|0.89438|0.89502;0.89333|0.89344|0.89362|0.89389|0.89424;0.89301|0.89328|0.89346|0.89373|0.89408;0.89301|0.89328|0.89346|0.89373|0.89408;0.89598;3;3;227.84;2025.05.26 09:31
2025.05.26 23:46;Close;10097;AUDCAD_l;Short;m1;Mid Major(75);Downtrend;Neutral (44.7);Normal (11 vs 14 points);No News;2.00|4.00|6.00|8.00|10.00;129.75|259.50|389.24|518.99|648.74;25.54;0.89096|0.89110|0.89138|0.89180|0.89236;0.89085|0.89094|0.89111|0.89134|0.89164;0.89057|0.89080|0.89097|0.89120|0.89150;0.89029|0.89066|0.89083|0.89106|0.89136;0.89320;2;2;179.09;2025.05.27 01:02
2025.05.27 04:05;Close;10098;AUDCAD_l;Short;m1;Super Minor(11);Downtrend;Neutral (57.1);Normal (10 vs 28 points);No News;2.00|4.00|6.00|8.00|10.00;129.85|259.71|389.56|519.42|649.27;41.37;0.89109|0.89137|0.89193|0.89277|0.89389;0.89099|0.89118|0.89150|0.89197|0.89258;0.89043|0.89090|0.89122|0.89169|0.89230;0.88987|0.89062|0.89094|0.89141|0.89202;0.89557;2;2;291.22;2025.05.27 04:47
2025.05.27 09:11;Close;10099;AUDCAD_l;Short;m1;Super Minor(10);Downtrend;Neutral (54.8);Normal (9 vs 32 points);No News;2.00|4.00|6.00|8.00|10.00;129.66|259.32|388.98|518.64|648.30;45.84;0.89047|0.89079|0.89143|0.89239|0.89367;0.89038|0.89059|0.89097|0.89150|0.89219;0.88974|0.89027|0.89065|0.89118|0.89187;0.88910|0.88995|0.89033|0.89086|0.89155;0.89559;2;2;321.65;2025.05.27 09:53
2025.05.27 21:09;Close;10100;AUDCAD_l;Short;m1;Super Minor(20);Downtrend;Neutral (59.6);Normal (11 vs 17 points);No News;2.00|4.00|6.00|8.00|10.00;128.86|257.72|386.58|515.44|644.30;28.77;0.88815|0.88832|0.88866|0.88917|0.88985;0.88804|0.88815|0.88835|0.88864|0.88900;0.88770|0.88798|0.88818|0.88847|0.88883;0.88736|0.88781|0.88801|0.88830|0.88866;0.89087;5;6;998.18;2025.05.28 04:55
2025.05.28 09:23;Close;10101;AUDCAD_l;Short;m1;Minor(42);Uptrend;Neutral (53.8);Normal (9 vs 35 points);No News;2.00|4.00|6.00|8.00|10.00;128.67|257.34|386.02|514.69|643.36;48.87;0.89008|0.89043|0.89113|0.89218|0.89358;0.88999|0.89022|0.89063|0.89122|0.89197;0.88929|0.88987|0.89028|0.89087|0.89162;0.88859|0.88952|0.88993|0.89052|0.89127;0.89568;2;2;354.21;2025.05.28 09:57
2025.05.28 11:13;Close;10102;AUDCAD_l;Short;m1;Super Minor(19);Uptrend;Neutral (55.5);Normal (10 vs 27 points);No News;2.00|4.00|6.00|8.00|10.00;128.84|257.68|386.52|515.36|644.20;39.94;0.89034|0.89061|0.89115|0.89196|0.89304;0.89024|0.89042|0.89074|0.89119|0.89177;0.88970|0.89015|0.89047|0.89092|0.89150;0.88970|0.89015|0.89047|0.89092|0.89150;0.89466;2;2;160.64;2025.05.28 13:04
2025.05.28 19:51;Close;10103;AUDCAD_l;Short;m1;Super Minor(28);Downtrend;Neutral (45.5);Normal (10 vs 20 points);No News;2.00|4.00|6.00|8.00|10.00;128.42|256.84|385.27|513.69|642.11;32.05;0.88766|0.88786|0.88826|0.88886|0.88966;0.88756|0.88769|0.88793|0.88826|0.88869;0.88716|0.88749|0.88773|0.88806|0.88849;0.88676|0.88729|0.88753|0.88786|0.88829;0.89086;5;5;1103.82;2025.05.29 04:19
2025.05.29 06:31;Close;10104;AUDCAD_l;Short;m1;Minor(44);Downtrend;Neutral (54.0);Normal (7 vs 32 points);No News;2.00|4.00|6.00|8.00|10.00;128.46|256.92|385.39|513.85|642.31;45.44;0.88925|0.88957|0.89021|0.89117|0.89245;0.88918|0.88939|0.88977|0.89030|0.89099;0.88854|0.88907|0.88945|0.88998|0.89067;0.88854|0.88907|0.88945|0.88998|0.89067;0.89437;3;3;358.63;2025.05.29 10:05
2025.05.29 10:57;Close;10105;AUDCAD_l;Short;m1;Super Minor(15);Uptrend;Neutral (64.3);Normal (9 vs 26 points);No News;2.00|4.00|6.00|8.00|10.00;128.97|257.93|386.90|515.86|644.83;38.82;0.89094|0.89120|0.89172|0.89250|0.89354;0.89085|0.89102|0.89133|0.89176|0.89232;0.89033|0.89076|0.89107|0.89150|0.89206;0.89033|0.89076|0.89107|0.89150|0.89206;0.89510;1;1;92.58;2025.05.29 11:21
2025.05.29 21:04;Close;10106;AUDCAD_l;Short;m1;Super Minor(25);Uptrend;Neutral (53.6);Normal (10 vs 18 points);No News;2.00|4.00|6.00|8.00|10.00;128.98|257.96|386.93|515.91|644.89;29.88;0.89006|0.89024|0.89060|0.89114|0.89186;0.88996|0.89008|0.89029|0.89059|0.89098;0.88960|0.88990|0.89011|0.89041|0.89080;0.88960|0.88990|0.89011|0.89041|0.89080;0.89294;2;2;121.73;2025.05.29 21:24
2025.05.30 03:04;Close;10107;AUDCAD_l;Short;m1;Major(100);Uptrend;Neutral (55.2);Normal (9 vs 27 points);No News;2.00|4.00|6.00|8.00|10.00;128.94|257.88|386.81|515.75|644.69;39.98;0.88996|0.89023|0.89077|0.89158|0.89266;0.88987|0.89005|0.89037|0.89082|0.89140;0.88933|0.88978|0.89010|0.89055|0.89113;0.88933|0.88978|0.89010|0.89055|0.89113;0.89428;2;2;169.45;2025.05.30 03:34
2025.05.30 04:01;Close;10108;AUDCAD_l;Short;m1;Major(88);Uptrend;Neutral (61.9);Normal (6 vs 53 points);No News;2.00|4.00|6.00|8.00|10.00;128.99|257.98|386.97|515.96|644.95;69.14;0.89056|0.89109|0.89215|0.89374|0.89586;0.89050|0.89085|0.89147|0.89236|0.89350;0.88944|0.89032|0.89094|0.89183|0.89297;0.88838|0.88979|0.89041|0.89130|0.89244;0.89904;1;1;315.65;2025.05.30 04:30
2025.05.30 08:04;Close;10109;AUDCAD_l;Short;m1;Minor(34);Downtrend;Neutral (49.4);Normal (10 vs 21 points);No News;2.00|4.00|6.00|8.00|10.00;128.62|257.24|385.87|514.49|643.11;33.21;0.88876|0.88897|0.88939|0.89002|0.89086;0.88866|0.88880|0.88905|0.88940|0.88985;0.88824|0.88859|0.88884|0.88919|0.88964;0.88782|0.88838|0.88863|0.88898|0.88943;0.89212;3;3;451.55;2025.05.30 09:05
2025.05.30 13:30;Close;10110;AUDCAD_l;Short;m1;Super Minor(12);Downtrend;Neutral (48.0);Normal (10 vs 19 points);No News;2.00|4.00|6.00|8.00|10.00;128.45|256.90|385.36|513.81|642.26;30.95;0.88722|0.88741|0.88779|0.88836|0.88912;0.88712|0.88725|0.88747|0.88779|0.88820;0.88674|0.88706|0.88728|0.88760|0.88801;0.88636|0.88687|0.88709|0.88741|0.88782;0.89026;2;2;207.02;2025.05.30 13:58
2025.05.30 17:25;Close;10111;AUDCAD_l;Short;m1;Super Minor(10);Downtrend;Neutral (42.8);Normal (9 vs 40 points);No News;2.00|4.00|6.00|8.00|10.00;128.55|257.11|385.66|514.22|642.77;54.64;0.88552|0.88592|0.88672|0.88792|0.88952;0.88543|0.88570|0.88616|0.88683|0.88770;0.88463|0.88530|0.88576|0.88643|0.88730;0.88383|0.88490|0.88536|0.88603|0.88690;0.89192;1;1;247.17;2025.05.30 19:46
2025.06.02 02:28;Close;10112;AUDCAD_l;Short;m1;Super Minor(20);Downtrend;Neutral (59.8);Normal (11 vs 13 points);No News;2.00|4.00|6.00|8.00|10.00;128.96|257.92|386.87|515.83|644.79;24.34;0.88500|0.88513|0.88539|0.88578|0.88630;0.88489|0.88498|0.88513|0.88535|0.88563;0.88463|0.88485|0.88500|0.88522|0.88550;0.88437|0.88472|0.88487|0.88509|0.88537;0.88708;1;1;94.70;2025.06.02 02:57
2025.06.02 03:03;Close;10113;AUDCAD_l;Short;m1;Minor(44);Downtrend;Neutral (57.9);Normal (10 vs 30 points);No News;2.00|4.00|6.00|8.00|10.00;129.00|257.99|386.99|515.98|644.98;43.55;0.88503|0.88533|0.88593|0.88683|0.88803;0.88493|0.88513|0.88548|0.88598|0.88663;0.88433|0.88483|0.88518|0.88568|0.88633;0.88373|0.88453|0.88488|0.88538|0.88603;0.88983;4;4;1043.46;2025.06.02 06:13
2025.06.02 07:44;Close;10114;AUDCAD_l;Short;m1;Super Minor(13);Downtrend;Neutral (53.7);Normal (11 vs 21 points);No News;2.00|4.00|6.00|8.00|10.00;129.08|258.15|387.23|516.30|645.38;33.41;0.88560|0.88581|0.88623|0.88686|0.88770;0.88549|0.88563|0.88588|0.88623|0.88668;0.88507|0.88542|0.88567|0.88602|0.88647;0.88465|0.88521|0.88546|0.88581|0.88626;0.88896;5;7;1169.01;2025.06.03 09:10
2025.06.04 10:22;Close;10115;AUDCAD_l;Short;m1;Minor(40);Downtrend;Neutral (57.8);Normal (8 vs 26 points);No News;2.00|4.00|6.00|8.00|10.00;129.32|258.64|387.97|517.29|646.61;39.08;0.88702|0.88728|0.88780|0.88858|0.88962;0.88694|0.88711|0.88742|0.88785|0.88841;0.88642|0.88685|0.88716|0.88759|0.88815;0.88590|0.88659|0.88690|0.88733|0.88789;0.89118;2;2;271.14;2025.06.04 10:57
2025.06.04 11:30;Close;10116;AUDCAD_l;Short;m1;Super Minor(14);Uptrend;Neutral (57.3);Normal (9 vs 23 points);No News;2.00|4.00|6.00|8.00|10.00;129.37|258.73|388.10|517.46|646.83;35.69;0.88718|0.88741|0.88787|0.88856|0.88948;0.88709|0.88724|0.88751|0.88790|0.88839;0.88663|0.88701|0.88728|0.88767|0.88816;0.88663|0.88701|0.88728|0.88767|0.88816;0.89086;5;5;714.12;2025.06.04 17:42
2025.06.05 01:59;Close;10117;AUDCAD_l;Short;m1;Minor(49);Uptrend;Neutral (49.6);Normal (11 vs 16 points);No News;2.00|4.00|6.00|8.00|10.00;129.83|259.66|389.48|519.31|649.14;27.88;0.88775|0.88791|0.88823|0.88871|0.88935;0.88764|0.88775|0.88793|0.88820|0.88855;0.88732|0.88759|0.88777|0.88804|0.88839;0.88732|0.88759|0.88777|0.88804|0.88839;0.89031;5;5;596.34;2025.06.05 05:08
2025.06.05 09:16;Close;10118;AUDCAD_l;Short;m1;Minor(40);Uptrend;Neutral (54.1);Normal (8 vs 33 points);No News;2.00|4.00|6.00|8.00|10.00;129.94|259.87|389.81|519.74|649.68;47.15;0.88824|0.88857|0.88923|0.89022|0.89154;0.88816|0.88838|0.88877|0.88932|0.89003;0.88750|0.88805|0.88844|0.88899|0.88970;0.88750|0.88805|0.88844|0.88899|0.88970;0.89352;2;2;179.98;2025.06.05 11:22
2025.06.05 12:30;Close;10119;AUDCAD_l;Short;m1;Major(131);Uptrend;Neutral (67.8);Normal (9 vs 28 points);No News;2.00|4.00|6.00|8.00|10.00;130.25|260.50|390.75|521.00|651.25;41.54;0.88955|0.88983|0.89039|0.89123|0.89235;0.88946|0.88965|0.88997|0.89044|0.89105;0.88890|0.88937|0.88969|0.89016|0.89077;0.88890|0.88937|0.88969|0.89016|0.89077;0.89403;1;1;95.19;2025.06.05 13:01
2025.06.05 15:50;Close;10120;AUDCAD_l;Short;m1;Super Minor(19);Uptrend;Neutral (65.0);Normal (8 vs 43 points);No News;2.00|4.00|6.00|8.00|10.00;130.41|260.81|391.22|521.62|652.03;58.60;0.88992|0.89035|0.89121|0.89250|0.89422;0.88984|0.89013|0.89063|0.89135|0.89228;0.88898|0.88970|0.89020|0.89092|0.89185;0.88898|0.88970|0.89020|0.89092|0.89185;0.89680;3;3;449.98;2025.06.05 17:00
2025.06.06 01:56;Close;10121;AUDCAD_l;Short;m1;Major(120);Uptrend;Neutral (54.1);Normal (8 vs 14 points);No News;2.00|4.00|6.00|8.00|10.00;130.16|260.32|390.49|520.65|650.81;25.62;0.88969|0.88983|0.89011|0.89053|0.89109;0.88961|0.88970|0.88987|0.89010|0.89040;0.88933|0.88956|0.88973|0.88996|0.89026;0.88933|0.88956|0.88973|0.88996|0.89026;0.89193;3;3;204.92;2025.06.06 03:24
2025.06.06 07:51;Close;10122;AUDCAD_l;Short;m1;Super Minor(21);Downtrend;Neutral (44.7);Normal (9 vs 14 points);No News;2.00|4.00|6.00|8.00|10.00;130.07|260.13|390.20|520.26|650.33;25.63;0.88839|0.88853|0.88881|0.88923|0.88979;0.88830|0.88839|0.88856|0.88879|0.88909;0.88802|0.88825|0.88842|0.88865|0.88895;0.88774|0.88811|0.88828|0.88851|0.88881;0.89063;1;1;93.66;2025.06.06 08:53
2025.06.06 14:29;Close;10123;AUDCAD_l;Short;m1;Super Minor(25);Uptrend;Neutral (61.3);Normal (10 vs 20 points);No News;2.00|4.00|6.00|8.00|10.00;129.87|259.73|389.60|519.46|649.33;32.40;0.88852|0.88872|0.88912|0.88972|0.89052;0.88842|0.88855|0.88879|0.88912|0.88955;0.88802|0.88835|0.88859|0.88892|0.88935;0.88762|0.88815|0.88839|0.88872|0.88915;0.89172;2;2;223.41;2025.06.06 15:10
2025.06.06 15:34;Close;10124;AUDCAD_l;Short;m1;Major(77);Uptrend;Neutral (63.1);Normal (9 vs 65 points);No News;2.00|4.00|6.00|8.00|10.00;130.10|260.20|390.30|520.40|650.50;83.47;0.88907|0.88972|0.89102|0.89297|0.89557;0.88898|0.88941|0.89017|0.89126|0.89266;0.88768|0.88876|0.88952|0.89061|0.89201;0.88638|0.88811|0.88887|0.88996|0.89136;0.89947;4;4;2021.18;2025.06.11 04:46
2025.06.11 07:00;Close;10125;AUDCAD_l;Short;m1;Super Minor(13);Downtrend;Neutral (51.2);Normal (8 vs 17 points);No News;2.00|4.00|6.00|8.00|10.00;130.29|260.57|390.86|521.14|651.43;29.04;0.89093|0.89110|0.89144|0.89195|0.89263;0.89085|0.89096|0.89116|0.89145|0.89181;0.89051|0.89079|0.89099|0.89128|0.89164;0.89017|0.89062|0.89082|0.89111|0.89147;0.89365;2;2;197.31;2025.06.11 09:28
2025.06.12 01:44;Close;10126;AUDCAD_l;Short;m1;Major(121);Downtrend;Neutral (48.2);Normal (11 vs 15 points);No News;2.00|4.00|6.00|8.00|10.00;130.12|260.25|390.37|520.50|650.62;26.76;0.88910|0.88925|0.88955|0.89000|0.89060;0.88899|0.88909|0.88927|0.88952|0.88984;0.88869|0.88894|0.88912|0.88937|0.88969;0.88839|0.88879|0.88897|0.88922|0.88954;0.89150;3;3;367.23;2025.06.12 03:21
2025.06.12 14:05;Close;10127;AUDCAD_l;Short;m1;Minor(35);Downtrend;Neutral (60.3);Normal (11 vs 30 points);No News;2.00|4.00|6.00|8.00|10.00;130.37|260.74|391.12|521.49|651.86;43.88;0.88853|0.88883|0.88943|0.89033|0.89153;0.88842|0.88862|0.88897|0.88947|0.89012;0.88782|0.88832|0.88867|0.88917|0.88982;0.88722|0.88802|0.88837|0.88887|0.88952;0.89333;3;3;660.89;2025.06.12 16:02
2025.06.12 18:21;Close;10128;AUDCAD_l;Short;m1;Super Minor(23);Downtrend;Neutral (53.6);Normal (9 vs 35 points);No News;2.00|4.00|6.00|8.00|10.00;130.56|261.12|391.69|522.25|652.81;49.64;0.88838|0.88873|0.88943|0.89048|0.89188;0.88829|0.88852|0.88893|0.88952|0.89027;0.88759|0.88817|0.88858|0.88917|0.88992;0.88689|0.88782|0.88823|0.88882|0.88957;0.89398;1;1;219.21;2025.06.13 03:01
2025.06.13 14:35;Close;10129;AUDCAD_l;Short;m1;Super Minor(18);Downtrend;Neutral (52.4);Normal (9 vs 35 points);No News;2.00|4.00|6.00|8.00|10.00;129.52|259.04|388.57|518.09|647.61;49.49;0.88341|0.88376|0.88446|0.88551|0.88691;0.88332|0.88355|0.88396|0.88455|0.88530;0.88262|0.88320|0.88361|0.88420|0.88495;0.88192|0.88285|0.88326|0.88385|0.88460;0.88901;1;1;218.80;2025.06.13 15:53
2025.06.13 16:59;Close;10130;AUDCAD_l;Short;m1;Super Minor(22);Downtrend;Neutral (51.4);Normal (9 vs 34 points);No News;2.00|4.00|6.00|8.00|10.00;129.67|259.34|389.01|518.68|648.35;48.43;0.88292|0.88326|0.88394|0.88496|0.88632;0.88283|0.88306|0.88345|0.88402|0.88476;0.88215|0.88272|0.88311|0.88368|0.88442;0.88147|0.88238|0.88277|0.88334|0.88408;0.88836;3;3;700.15;2025.06.13 21:27
2025.06.16 03:00;Close;10131;AUDCAD_l;Short;m1;Super Minor(17);Downtrend;Neutral (48.5);Normal (9 vs 24 points);No News;2.00|4.00|6.00|8.00|10.00;129.83|259.66|389.48|519.31|649.14;37.14;0.88170|0.88194|0.88242|0.88314|0.88410;0.88161|0.88177|0.88205|0.88245|0.88297;0.88113|0.88153|0.88181|0.88221|0.88273;0.88065|0.88129|0.88157|0.88197|0.88249;0.88554;2;2;251.61;2025.06.16 04:18
2025.06.16 08:08;Close;10132;AUDCAD_l;Short;m1;Minor(38);Downtrend;Neutral (56.0);Normal (9 vs 26 points);No News;2.00|4.00|6.00|8.00|10.00;129.72|259.44|389.17|518.89|648.61;39.38;0.88186|0.88212|0.88264|0.88342|0.88446;0.88177|0.88194|0.88225|0.88268|0.88324;0.88125|0.88168|0.88199|0.88242|0.88298;0.88073|0.88142|0.88173|0.88216|0.88272;0.88602;5;7;1396.81;2025.06.17 20:47
2025.06.17 22:58;Close;10133;AUDCAD_l;Short;m1;Mid Major(63);Downtrend;Neutral (44.4);Normal (8 vs 26 points);No News;2.00|4.00|6.00|8.00|10.00;129.48|258.96|388.44|517.92|647.40;39.25;0.88344|0.88370|0.88422|0.88500|0.88604;0.88336|0.88353|0.88384|0.88427|0.88483;0.88284|0.88327|0.88358|0.88401|0.88457;0.88232|0.88301|0.88332|0.88375|0.88431;0.88760;5;8;1342.84;2025.06.23 00:36
2025.06.23 09:24;Close;10134;AUDCAD_l;Short;m1;Major(135);Downtrend;Neutral (48.8);Normal (7 vs 42 points);No News;2.00|4.00|6.00|8.00|10.00;128.30|256.60|384.90|513.20|641.50;56.94;0.88259|0.88301|0.88385|0.88511|0.88679;0.88252|0.88280|0.88329|0.88399|0.88490;0.88168|0.88238|0.88287|0.88357|0.88448;0.88084|0.88196|0.88245|0.88315|0.88406;0.88931;3;3;801.36;2025.06.23 11:53
2025.06.23 15:15;Close;10135;AUDCAD_l;Short;m1;Super Minor(15);Downtrend;Neutral (46.1);Normal (9 vs 41 points);No News;2.00|4.00|6.00|8.00|10.00;127.74|255.48|383.23|510.97|638.71;55.67;0.88073|0.88114|0.88196|0.88319|0.88483;0.88064|0.88091|0.88139|0.88208|0.88296;0.87982|0.88050|0.88098|0.88167|0.88255;0.87900|0.88009|0.88057|0.88126|0.88214;0.88729;5;15;-74298.19;2025.12.30 23:59
2025.07.11 11:54;Close;10136;AUDCAD_l;Long;m1;Minor(49);Uptrend;Neutral (45.1);Normal (10 vs 25 points);No News;2.00|4.00|6.00|8.00|10.00;131.51|263.02|394.54|526.05|657.56;38.15;0.90070|0.90045|0.89995|0.89920|0.89820;0.90080|0.90063|0.90034|0.89993|0.89938;0.90130|0.90088|0.90059|0.90018|0.89963;0.90180|0.90113|0.90084|0.90043|0.89988;0.89670;2;2;246.79;2025.07.11 12:41
2025.07.11 19:02;Close;10137;AUDCAD_l;Long;m1;Mid Major(66);Uptrend;Neutral (37.4);Normal (9 vs 32 points);No News;2.00|4.00|6.00|8.00|10.00;131.54|263.08|394.63|526.17|657.71;46.13;0.89950|0.89918|0.89854|0.89758|0.89630;0.89959|0.89938|0.89900|0.89847|0.89778;0.90023|0.89970|0.89932|0.89879|0.89810;0.90087|0.90002|0.89964|0.89911|0.89842;0.89438;2;2;315.37;2025.07.14 01:05
2025.07.14 04:05;Close;10138;AUDCAD_l;Long;m1;Super Minor(13);Uptrend;Neutral (51.8);Normal (11 vs 41 points);No News;2.00|4.00|6.00|8.00|10.00;131.59|263.18|394.78|526.37|657.96;56.32;0.90011|0.89970|0.89888|0.89765|0.89601;0.90022|0.89995|0.89947|0.89879|0.89790;0.90104|0.90036|0.89988|0.89920|0.89831;0.90186|0.90077|0.90029|0.89961|0.89872;0.89355;5;5;2039.30;2025.07.15 10:56
2025.07.15 17:38;Close;10139;AUDCAD_l;Long;m1;Minor(50);Downtrend;Oversold (20.9);Normal (7 vs 36 points);No News;2.00|4.00|6.00|8.00|10.00;130.50|260.99|391.49|521.98|652.48;50.46;0.89478|0.89442|0.89370|0.89262|0.89118;0.89485|0.89461|0.89419|0.89359|0.89281;0.89557|0.89497|0.89455|0.89395|0.89317;0.89557|0.89497|0.89455|0.89395|0.89317;0.88902;3;3;370.35;2025.07.16 03:29
2025.07.16 05:12;Close;10140;AUDCAD_l;Long;m1;Super Minor(11);Downtrend;Neutral (52.5);Normal (10 vs 35 points);No News;2.00|4.00|6.00|8.00|10.00;130.44|260.88|391.31|521.75|652.19;49.31;0.89459|0.89424|0.89354|0.89249|0.89109;0.89469|0.89446|0.89405|0.89347|0.89271;0.89539|0.89481|0.89440|0.89382|0.89306;0.89539|0.89481|0.89440|0.89382|0.89306;0.88899;2;2;186.60;2025.07.16 15:30
2025.07.16 19:45;Close;10141;AUDCAD_l;Long;m1;Super Minor(19);Downtrend;Neutral (40.2);Normal (6 vs 39 points);No News;2.00|4.00|6.00|8.00|10.00;130.43|260.87|391.30|521.74|652.17;53.91;0.89316|0.89277|0.89199|0.89082|0.88926;0.89322|0.89296|0.89251|0.89186|0.89101;0.89400|0.89335|0.89290|0.89225|0.89140;0.89400|0.89335|0.89290|0.89225|0.89140;0.88692;1;1;118.37;2025.07.16 20:11
2025.07.16 22:59;Close;10142;AUDCAD_l;Long;m1;Mid Major(64);Downtrend;Neutral (40.8);Normal (8 vs 20 points);No News;2.00|4.00|6.00|8.00|10.00;130.55|261.11|391.66|522.22|652.77;32.46;0.89301|0.89281|0.89241|0.89181|0.89101;0.89309|0.89296|0.89272|0.89239|0.89196;0.89349|0.89316|0.89292|0.89259|0.89216;0.89349|0.89316|0.89292|0.89259|0.89216;0.88981;1;1;58.47;2025.07.16 23:18
2025.07.16 23:47;Close;10143;AUDCAD_l;Long;m1;Major(112);Downtrend;Neutral (41.1);Normal (12 vs 17 points);No News;2.00|4.00|6.00|8.00|10.00;130.56|261.13|391.69|522.26|652.82;29.06;0.89297|0.89280|0.89246|0.89195|0.89127;0.89309|0.89298|0.89278|0.89250|0.89213;0.89343|0.89315|0.89295|0.89267|0.89230;0.89343|0.89315|0.89295|0.89267|0.89230;0.89025;1;1;54.08;2025.07.17 00:23
2025.07.17 02:07;Close;10144;AUDCAD_l;Long;m1;Super Minor(11);Downtrend;Neutral (39.5);Normal (11 vs 13 points);No News;2.00|4.00|6.00|8.00|10.00;130.48|260.96|391.44|521.92|652.40;24.50;0.89275|0.89262|0.89236|0.89197|0.89145;0.89286|0.89277|0.89262|0.89241|0.89212;0.89312|0.89290|0.89275|0.89254|0.89225;0.89312|0.89290|0.89275|0.89254|0.89225;0.89067;2;2;96.43;2025.07.17 02:40
2025.07.17 03:13;Close;10145;AUDCAD_l;Long;m1;Super Minor(10);Downtrend;Neutral (36.0);Normal (12 vs 26 points);No News;2.00|4.00|6.00|8.00|10.00;130.36|260.72|391.09|521.45|651.81;39.21;0.89243|0.89217|0.89165|0.89087|0.88983;0.89255|0.89238|0.89207|0.89164|0.89108;0.89307|0.89264|0.89233|0.89190|0.89134;0.89307|0.89264|0.89233|0.89190|0.89134;0.88827;2;2;157.64;2025.07.17 04:05
2025.07.17 09:11;Close;10146;AUDCAD_l;Long;m1;Super Minor(11);Downtrend;Neutral (37.5);Normal (7 vs 42 points);No News;2.00|4.00|6.00|8.00|10.00;129.67|259.35|389.02|518.70|648.37;57.18;0.88930|0.88888|0.88804|0.88678|0.88510;0.88937|0.88909|0.88860|0.88790|0.88699;0.89021|0.88951|0.88902|0.88832|0.88741;0.89021|0.88951|0.88902|0.88832|0.88741;0.88258;3;3;437.93;2025.07.17 11:11
2025.07.17 14:54;Close;10147;AUDCAD_l;Long;m1;Super Minor(20);Downtrend;Neutral (40.8);Normal (9 vs 22 points);No News;2.00|4.00|6.00|8.00|10.00;129.14|258.28|387.42|516.56|645.70;34.45;0.88854|0.88832|0.88788|0.88722|0.88634;0.88863|0.88848|0.88823|0.88786|0.88738;0.88907|0.88870|0.88845|0.88808|0.88760;0.88907|0.88870|0.88845|0.88808|0.88760;0.88502;1;1;65.40;2025.07.17 15:10
2025.07.18 08:32;Close;10148;AUDCAD_l;Long;m1;Major(90);Uptrend;Neutral (43.4);Normal (8 vs 19 points);No News;2.00|4.00|6.00|8.00|10.00;129.98|259.96|389.93|519.91|649.89;31.18;0.89275|0.89256|0.89218|0.89161|0.89085;0.89283|0.89270|0.89248|0.89217|0.89175;0.89321|0.89289|0.89267|0.89236|0.89194;0.89359|0.89308|0.89286|0.89255|0.89213;0.88971;1;1;110.66;2025.07.18 09:37
2025.07.18 20:00;Close;10149;AUDCAD_l;Long;m1;Minor(34);Uptrend;Neutral (35.5);Normal (7 vs 23 points);No News;2.00|4.00|6.00|8.00|10.00;130.26|260.51|390.77|521.02|651.28;35.75;0.89376|0.89353|0.89307|0.89238|0.89146;0.89383|0.89368|0.89341|0.89303|0.89253;0.89429|0.89391|0.89364|0.89326|0.89276;0.89475|0.89414|0.89387|0.89349|0.89299;0.89008;3;3;510.51;2025.07.21 00:08
2025.07.21 13:41;Close;10150;AUDCAD_l;Long;m1;Super Minor(22);Downtrend;Neutral (45.0);Normal (10 vs 13 points);No News;2.00|4.00|6.00|8.00|10.00;130.21|260.42|390.63|520.84|651.05;24.44;0.89332|0.89319|0.89293|0.89254|0.89202;0.89342|0.89333|0.89318|0.89297|0.89268;0.89368|0.89346|0.89331|0.89310|0.89281;0.89394|0.89359|0.89344|0.89323|0.89294;0.89124;1;1;75.89;2025.07.21 14:53
2025.07.21 15:58;Close;10151;AUDCAD_l;Long;m1;Super Minor(15);Uptrend;Neutral (48.1);Normal (8 vs 22 points);No News;2.00|4.00|6.00|8.00|10.00;130.48|260.96|391.44|521.92|652.40;34.67;0.89353|0.89331|0.89287|0.89221|0.89133;0.89361|0.89346|0.89321|0.89284|0.89236;0.89405|0.89368|0.89343|0.89306|0.89258;0.89449|0.89390|0.89365|0.89328|0.89280;0.89001;2;2;214.34;2025.07.21 16:50
2025.07.21 21:38;Close;10152;AUDCAD_l;Long;m1;Mid Major(71);Downtrend;Neutral (38.4);Normal (9 vs 14 points);No News;2.00|4.00|6.00|8.00|10.00;130.54|261.09|391.63|522.18|652.72;25.65;0.89307|0.89293|0.89265|0.89223|0.89167;0.89316|0.89307|0.89290|0.89267|0.89237;0.89344|0.89321|0.89304|0.89281|0.89251;0.89344|0.89321|0.89304|0.89281|0.89251;0.89083;2;2;89.15;2025.07.21 22:06
2025.07.22 04:44;Close;10153;AUDCAD_l;Long;m1;Super Minor(16);Downtrend;Neutral (35.6);Normal (7 vs 31 points);No News;2.00|4.00|6.00|8.00|10.00;130.32|260.64|390.95|521.27|651.59;44.86;0.89184|0.89153|0.89091|0.88998|0.88874;0.89191|0.89170|0.89134|0.89083|0.89015;0.89253|0.89201|0.89165|0.89114|0.89046;0.89253|0.89201|0.89165|0.89114|0.89046;0.88688;1;1;90.61;2025.07.22 05:13
2025.07.22 21:05;Close;10154;AUDCAD_l;Long;m1;Super Minor(19);Downtrend;Neutral (41.0);Normal (8 vs 26 points);No News;2.00|4.00|6.00|8.00|10.00;130.98|261.97|392.95|523.94|654.92;39.42;0.89150|0.89124|0.89072|0.88994|0.88890;0.89158|0.89141|0.89110|0.89067|0.89011;0.89210|0.89167|0.89136|0.89093|0.89037;0.89210|0.89167|0.89136|0.89093|0.89037;0.88734;2;2;141.07;2025.07.22 22:14
2025.07.24 09:22;Close;10155;AUDCAD_l;Long;m1;Super Minor(14);Uptrend;Neutral (58.3);Normal (8 vs 28 points);No News;2.00|4.00|6.00|8.00|10.00;132.32|264.63|396.95|529.26|661.58;41.81;0.89978|0.89950|0.89894|0.89810|0.89698;0.89986|0.89967|0.89935|0.89888|0.89827;0.90042|0.89995|0.89963|0.89916|0.89855;0.90098|0.90023|0.89991|0.89944|0.89883;0.89530;2;2;269.05;2025.07.24 11:44
2025.07.24 13:53;Close;10156;AUDCAD_l;Long;m1;Super Minor(11);Uptrend;Neutral (45.2);Normal (8 vs 26 points);No News;2.00|4.00|6.00|8.00|10.00;132.13|264.25|396.38|528.50|660.63;39.50;0.89951|0.89925|0.89873|0.89795|0.89691;0.89959|0.89942|0.89911|0.89868|0.89812;0.90011|0.89968|0.89937|0.89894|0.89838;0.90063|0.89994|0.89963|0.89920|0.89864;0.89535;1;1;155.69;2025.07.24 15:09
2025.07.24 16:00;Close;10157;AUDCAD_l;Long;m1;Super Minor(24);Uptrend;Neutral (42.9);Normal (5 vs 32 points);No News;2.00|4.00|6.00|8.00|10.00;132.12|264.24|396.37|528.49|660.61;46.32;0.89939|0.89907|0.89843|0.89747|0.89619;0.89944|0.89923|0.89885|0.89832|0.89763;0.90008|0.89955|0.89917|0.89864|0.89795;0.90072|0.89987|0.89949|0.89896|0.89827;0.89427;1;1;189.42;2025.07.24 17:43
2025.07.24 23:12;Close;10158;AUDCAD_l;Long;m1;Super Minor(16);Uptrend;Neutral (42.5);Normal (8 vs 21 points);No News;2.00|4.00|6.00|8.00|10.00;131.82|263.64|395.46|527.28|659.10;33.76;0.89918|0.89897|0.89855|0.89792|0.89708;0.89926|0.89912|0.89888|0.89853|0.89807;0.89968|0.89933|0.89909|0.89874|0.89828;0.90010|0.89954|0.89930|0.89895|0.89849;0.89582;3;3;794.84;2025.07.25 00:04
2025.07.25 05:06;Close;10159;AUDCAD_l;Long;m1;Minor(45);Uptrend;Neutral (34.6);Normal (6 vs 22 points);No News;2.00|4.00|6.00|8.00|10.00;131.66|263.32|394.99|526.65|658.31;34.85;0.89851|0.89829|0.89785|0.89719|0.89631;0.89857|0.89842|0.89817|0.89780|0.89732;0.89901|0.89864|0.89839|0.89802|0.89754;0.89945|0.89886|0.89861|0.89824|0.89776;0.89499;3;3;436.40;2025.07.25 09:57
2025.07.25 12:29;Close;10160;AUDCAD_l;Long;m1;Super Minor(10);Downtrend;Neutral (32.9);Normal (9 vs 23 points);No News;2.00|4.00|6.00|8.00|10.00;131.20|262.40|393.61|524.81|656.01;35.90;0.89712|0.89689|0.89643|0.89574|0.89482;0.89721|0.89706|0.89679|0.89641|0.89591;0.89767|0.89729|0.89702|0.89664|0.89614;0.89767|0.89729|0.89702|0.89664|0.89614;0.89344;1;1;67.29;2025.07.25 14:03
2025.07.25 14:16;Close;10161;AUDCAD_l;Long;m1;Major(112);Downtrend;Neutral (33.7);Normal (7 vs 28 points);No News;2.00|4.00|6.00|8.00|10.00;131.26|262.52|393.77|525.03|656.29;41.61;0.89695|0.89667|0.89611|0.89527|0.89415;0.89702|0.89683|0.89651|0.89604|0.89543;0.89758|0.89711|0.89679|0.89632|0.89571;0.89758|0.89711|0.89679|0.89632|0.89571;0.89247;1;1;81.93;2025.07.25 14:43
2025.07.25 18:30;Close;10162;AUDCAD_l;Long;m1;Super Minor(21);Uptrend;Neutral (52.9);Normal (6 vs 27 points);No News;2.00|4.00|6.00|8.00|10.00;131.16|262.33|393.49|524.66|655.82;40.38;0.89844|0.89817|0.89763|0.89682|0.89574;0.89850|0.89832|0.89801|0.89756|0.89697;0.89904|0.89859|0.89828|0.89783|0.89724;0.89958|0.89886|0.89855|0.89810|0.89751;0.89412;1;1;158.87;2025.07.25 19:25
2025.07.25 23:19;Close;10163;AUDCAD_l;Long;m1;Major(133);Uptrend;Neutral (51.4);Normal (9 vs 17 points);No News;2.00|4.00|6.00|8.00|10.00;131.28|262.55|393.83|525.10|656.38;29.07;0.89935|0.89918|0.89884|0.89833|0.89765;0.89944|0.89933|0.89913|0.89885|0.89848;0.89978|0.89950|0.89930|0.89902|0.89865;0.90012|0.89967|0.89947|0.89919|0.89882;0.89663;1;1;129.94;2025.07.28 00:06
2025.07.28 06:51;Close;10164;AUDCAD_l;Long;m1;Major(145);Uptrend;Neutral (36.3);Normal (8 vs 17 points);No News;2.00|4.00|6.00|8.00|10.00;131.36|262.72|394.09|525.45|656.81;29.09;0.89933|0.89916|0.89882|0.89831|0.89763;0.89941|0.89930|0.89910|0.89882|0.89845;0.89975|0.89947|0.89927|0.89899|0.89862;0.90009|0.89964|0.89944|0.89916|0.89879;0.89661;5;12;1024.96;2025.08.12 18:27
2025.08.13 14:20;Close;10165;AUDCAD_l;Long;m1;Super Minor(19);Uptrend;Neutral (53.9);Normal (8 vs 18 points);No News;2.00|4.00|6.00|8.00|10.00;131.00|262.00|392.99|523.99|654.99;30.07;0.90136|0.90118|0.90082|0.90028|0.89956;0.90144|0.90132|0.90111|0.90081|0.90042;0.90180|0.90150|0.90129|0.90099|0.90060;0.90216|0.90168|0.90147|0.90117|0.90078;0.89848;3;3;374.66;2025.08.13 16:09
2025.08.13 18:10;Close;10166;AUDCAD_l;Long;m1;Super Minor(23);Uptrend;Neutral (50.0);Normal (7 vs 29 points);No News;2.00|4.00|6.00|8.00|10.00;130.96|261.92|392.88|523.84|654.80;42.47;0.90128|0.90099|0.90041|0.89954|0.89838;0.90135|0.90116|0.90082|0.90034|0.89971;0.90193|0.90145|0.90111|0.90063|0.90000;0.90251|0.90174|0.90140|0.90092|0.90029;0.89664;3;3;580.40;2025.08.14 04:27
2025.08.14 05:50;Close;10167;AUDCAD_l;Long;m1;Super Minor(25);Uptrend;Neutral (58.3);Normal (6 vs 20 points);No News;2.00|4.00|6.00|8.00|10.00;131.09|262.18|393.26|524.35|655.44;32.37;0.90169|0.90149|0.90109|0.90049|0.89969;0.90175|0.90162|0.90138|0.90105|0.90062;0.90215|0.90182|0.90158|0.90125|0.90082;0.90255|0.90202|0.90178|0.90145|0.90102;0.89849;5;11;1014.76;2025.09.01 13:05
2025.09.01 19:18;Close;10168;AUDCAD_l;Long;m1;Super Minor(15);Uptrend;Neutral (54.5);Normal (9 vs 12 points);No News;2.00|4.00|6.00|8.00|10.00;131.00|262.00|393.00|524.00|655.00;23.37;0.90108|0.90096|0.90072|0.90036|0.89988;0.90117|0.90109|0.90095|0.90075|0.90049;0.90141|0.90121|0.90107|0.90087|0.90061;0.90165|0.90133|0.90119|0.90099|0.90073;0.89916;2;2;139.62;2025.09.02 01:16
2025.09.02 10:48;Close;10169;AUDCAD_l;Long;m1;Super Minor(24);Downtrend;Oversold (19.0);Normal (7 vs 38 points);No News;2.00|4.00|6.00|8.00|10.00;130.27|260.54|390.80|521.07|651.34;52.56;0.89654|0.89616|0.89540|0.89426|0.89274;0.89661|0.89636|0.89591|0.89528|0.89446;0.89737|0.89674|0.89629|0.89566|0.89484;0.89737|0.89674|0.89629|0.89566|0.89484;0.89046;2;2;200.43;2025.09.02 11:22
2025.09.02 15:55;Close;10170;AUDCAD_l;Long;m1;Super Minor(19);Downtrend;Neutral (32.7);Normal (7 vs 37 points);No News;2.00|4.00|6.00|8.00|10.00;129.71|259.41|389.12|518.82|648.53;51.26;0.89571|0.89534|0.89460|0.89349|0.89201;0.89578|0.89553|0.89510|0.89449|0.89368;0.89652|0.89590|0.89547|0.89486|0.89405;0.89652|0.89590|0.89547|0.89486|0.89405;0.88979;2;2;201.40;2025.09.02 16:08
2025.09.03 08:40;Close;10171;AUDCAD_l;Long;m1;Major(131);Downtrend;Neutral (46.7);Normal (9 vs 16 points);No News;2.00|4.00|6.00|8.00|10.00;130.30|260.61|390.91|521.22|651.52;27.75;0.89870|0.89854|0.89822|0.89774|0.89710;0.89879|0.89868|0.89850|0.89823|0.89788;0.89911|0.89884|0.89866|0.89839|0.89804;0.89911|0.89884|0.89866|0.89839|0.89804;0.89614;3;3;210.23;2025.09.03 09:07
2025.09.03 20:57;Close;10172;AUDCAD_l;Long;m1;Super Minor(21);Uptrend;Neutral (56.4);Normal (10 vs 26 points);No News;2.00|4.00|6.00|8.00|10.00;130.88|261.75|392.63|523.50|654.38;39.02;0.90276|0.90250|0.90198|0.90120|0.90016;0.90286|0.90269|0.90238|0.90195|0.90139;0.90338|0.90295|0.90264|0.90221|0.90165;0.90390|0.90321|0.90290|0.90247|0.90191;0.89860;2;2;256.61;2025.09.04 03:13
2025.09.04 05:02;Close;10173;AUDCAD_l;Long;m1;Super Minor(15);Uptrend;Neutral (40.9);Normal (3 vs 24 points);No News;2.00|4.00|6.00|8.00|10.00;130.77|261.53|392.30|523.06|653.83;36.77;0.90202|0.90178|0.90130|0.90058|0.89962;0.90205|0.90189|0.90161|0.90121|0.90069;0.90253|0.90213|0.90185|0.90145|0.90093;0.90301|0.90237|0.90209|0.90169|0.90117;0.89818;5;5;1107.58;2025.09.05 03:03
2025.09.05 14:07;Close;10174;AUDCAD_l;Long;m1;Super Minor(20);Uptrend;Neutral (56.6);Normal (8 vs 14 points);No News;2.00|4.00|6.00|8.00|10.00;130.87|261.74|392.60|523.47|654.34;25.55;0.90240|0.90226|0.90198|0.90156|0.90100;0.90248|0.90239|0.90222|0.90199|0.90169;0.90276|0.90253|0.90236|0.90213|0.90183;0.90304|0.90267|0.90250|0.90227|0.90197;0.90016;1;1;81.19;2025.09.05 15:08
2025.09.05 21:09;Close;10175;AUDCAD_l;Long;m1;Super Minor(26);Uptrend;Neutral (58.3);Normal (8 vs 21 points);No News;2.00|4.00|6.00|8.00|10.00;131.07|262.15|393.22|524.30|655.37;33.35;0.90739|0.90718|0.90676|0.90613|0.90529;0.90747|0.90733|0.90709|0.90674|0.90628;0.90789|0.90754|0.90730|0.90695|0.90649;0.90831|0.90775|0.90751|0.90716|0.90670;0.90403;4;4;738.54;2025.09.08 03:56
2025.09.08 23:29;Close;10176;AUDCAD_l;Long;m1;Super Minor(11);Uptrend;Neutral (44.7);Normal (9 vs 13 points);No News;2.00|4.00|6.00|8.00|10.00;131.85|263.71|395.56|527.42|659.27;24.49;0.91003|0.90990|0.90964|0.90925|0.90873;0.91012|0.91003|0.90988|0.90967|0.90938;0.91038|0.91016|0.91001|0.90980|0.90951;0.91064|0.91029|0.91014|0.90993|0.90964;0.90795;4;4;550.78;2025.09.09 01:18
2025.09.09 04:46;Close;10177;AUDCAD_l;Long;m1;Minor(40);Uptrend;Neutral (49.5);Normal (9 vs 23 points);No News;2.00|4.00|6.00|8.00|10.00;131.86|263.71|395.57|527.42|659.28;35.73;0.91014|0.90991|0.90945|0.90876|0.90784;0.91023|0.91008|0.90981|0.90943|0.90893;0.91069|0.91031|0.91004|0.90966|0.90916;0.91115|0.91054|0.91027|0.90989|0.90939;0.90646;1;1;133.33;2025.09.09 05:31
2025.09.09 15:10;Close;10178;AUDCAD_l;Long;m1;Minor(49);Uptrend;Neutral (52.2);Normal (9 vs 22 points);No News;2.00|4.00|6.00|8.00|10.00;132.18|264.36|396.54|528.72|660.90;34.59;0.91261|0.91239|0.91195|0.91129|0.91041;0.91270|0.91255|0.91230|0.91193|0.91145;0.91314|0.91277|0.91252|0.91215|0.91167;0.91358|0.91299|0.91274|0.91237|0.91189;0.90909;3;3;450.55;2025.09.09 17:00
2025.09.09 23:47;Close;10179;AUDCAD_l;Long;m1;Super Minor(12);Uptrend;Neutral (47.0);Normal (14 vs 17 points);No News;2.00|4.00|6.00|8.00|10.00;131.72|263.44|395.16|526.88|658.60;28.90;0.91172|0.91155|0.91121|0.91070|0.91002;0.91186|0.91175|0.91155|0.91127|0.91090;0.91220|0.91192|0.91172|0.91144|0.91107;0.91254|0.91209|0.91189|0.91161|0.91124;0.90900;2;2;192.06;2025.09.10 03:02
2025.09.10 13:32;Close;10180;AUDCAD_l;Long;m1;Super Minor(12);Uptrend;Neutral (54.1);Normal (9 vs 17 points);No News;2.00|4.00|6.00|8.00|10.00;132.06|264.12|396.18|528.24|660.30;28.91;0.91481|0.91464|0.91430|0.91379|0.91311;0.91490|0.91479|0.91459|0.91431|0.91394;0.91524|0.91496|0.91476|0.91448|0.91411;0.91558|0.91513|0.91493|0.91465|0.91428;0.91209;1;1;98.13;2025.09.10 14:56
2025.09.10 22:27;Close;10181;AUDCAD_l;Long;m1;Super Minor(12);Uptrend;Neutral (45.8);Normal (11 vs 19 points);No News;2.00|4.00|6.00|8.00|10.00;132.29|264.59|396.88|529.18|661.47;31.16;0.91680|0.91661|0.91623|0.91566|0.91490;0.91691|0.91678|0.91656|0.91625|0.91583;0.91729|0.91697|0.91675|0.91644|0.91602;0.91767|0.91716|0.91694|0.91663|0.91621;0.91376;2;2;200.56;2025.09.11 02:06
2025.09.11 08:56;Close;10182;AUDCAD_l;Long;m1;Major(87);Uptrend;Neutral (37.9);Normal (10 vs 24 points);No News;2.00|4.00|6.00|8.00|10.00;132.09|264.18|396.26|528.35|660.44;36.72;0.91622|0.91598|0.91550|0.91478|0.91382;0.91632|0.91616|0.91588|0.91548|0.91496;0.91680|0.91640|0.91612|0.91572|0.91520;0.91728|0.91664|0.91636|0.91596|0.91544;0.91238;1;1;138.40;2025.09.11 10:02
2025.09.12 05:13;Close;10183;AUDCAD_l;Long;m1;Super Minor(12);Uptrend;Neutral (47.1);Normal (10 vs 21 points);No News;2.00|4.00|6.00|8.00|10.00;133.15|266.30|399.45|532.60|665.75;33.51;0.92140|0.92119|0.92077|0.92014|0.91930;0.92150|0.92136|0.92112|0.92077|0.92031;0.92192|0.92157|0.92133|0.92098|0.92052;0.92234|0.92178|0.92154|0.92119|0.92073;0.91804;1;1;122.81;2025.09.12 06:25
2025.09.12 07:42;Close;10184;AUDCAD_l;Long;m1;Mid Major(51);Uptrend;Neutral (49.6);Normal (7 vs 20 points);No News;2.00|4.00|6.00|8.00|10.00;133.21|266.41|399.62|532.82|666.03;32.37;0.92181|0.92161|0.92121|0.92061|0.91981;0.92188|0.92175|0.92151|0.92118|0.92075;0.92228|0.92195|0.92171|0.92138|0.92095;0.92268|0.92215|0.92191|0.92158|0.92115;0.91861;4;4;672.32;2025.09.12 10:02
2025.09.12 11:01;Close;10185;AUDCAD_l;Long;m1;Super Minor(16);Uptrend;Neutral (46.1);Normal (8 vs 29 points);No News;2.00|4.00|6.00|8.00|10.00;133.21|266.41|399.62|532.82|666.03;42.48;0.92125|0.92096|0.92038|0.91951|0.91835;0.92133|0.92114|0.92080|0.92032|0.91969;0.92191|0.92143|0.92109|0.92061|0.91998;0.92249|0.92172|0.92138|0.92090|0.92027;0.91661;4;4;963.85;2025.09.15 04:04
2025.09.15 09:17;Close;10186;AUDCAD_l;Long;m1;Minor(40);Uptrend;Neutral (51.0);Normal (8 vs 28 points);No News;2.00|4.00|6.00|8.00|10.00;133.16|266.32|399.49|532.65|665.81;41.35;0.92123|0.92095|0.92039|0.91955|0.91843;0.92131|0.92112|0.92080|0.92033|0.91972;0.92187|0.92140|0.92108|0.92061|0.92000;0.92243|0.92168|0.92136|0.92089|0.92028;0.91675;2;2;267.49;2025.09.15 10:32
2025.09.15 13:03;Close;10187;AUDCAD_l;Long;m1;Mid Major(56);Uptrend;Neutral (36.8);Normal (9 vs 22 points);No News;2.00|4.00|6.00|8.00|10.00;133.12|266.24|399.35|532.47|665.59;34.64;0.92031|0.92009|0.91965|0.91899|0.91811;0.92040|0.92025|0.92000|0.91963|0.91915;0.92084|0.92047|0.92022|0.91985|0.91937;0.92128|0.92069|0.92044|0.92007|0.91959;0.91679;1;1;130.23;2025.09.15 15:30
2025.09.15 17:43;Close;10188;AUDCAD_l;Long;m1;Minor(43);Uptrend;Neutral (42.6);Normal (5 vs 40 points);No News;2.00|4.00|6.00|8.00|10.00;133.14|266.28|399.42|532.56|665.70;54.83;0.92044|0.92004|0.91924|0.91804|0.91644;0.92049|0.92022|0.91976|0.91909|0.91822;0.92129|0.92062|0.92016|0.91949|0.91862;0.92129|0.92062|0.92016|0.91949|0.91862;0.91404;5;5;989.86;2025.09.16 20:20
2025.09.16 22:59;Close;10189;AUDCAD_l;Long;m1;Super Minor(28);Downtrend;Neutral (56.3);Normal (11 vs 14 points);No News;2.00|4.00|6.00|8.00|10.00;133.63|267.26|400.90|534.53|668.16;25.79;0.91847|0.91833|0.91805|0.91763|0.91707;0.91858|0.91849|0.91832|0.91809|0.91779;0.91886|0.91863|0.91846|0.91823|0.91793;0.91886|0.91863|0.91846|0.91823|0.91793;0.91623;3;3;234.31;2025.09.17 01:45
2025.09.17 04:16;Close;10190;AUDCAD_l;Long;m1;Super Minor(27);Downtrend;Neutral (46.8);Normal (13 vs 24 points);No News;2.00|4.00|6.00|8.00|10.00;133.63|267.26|400.90|534.53|668.16;37.08;0.91820|0.91796|0.91748|0.91676|0.91580;0.91833|0.91817|0.91789|0.91749|0.91697;0.91881|0.91841|0.91813|0.91773|0.91721;0.91881|0.91841|0.91813|0.91773|0.91721;0.91436;3;3;306.92;2025.09.17 06:00
2025.09.17 08:24;Close;10191;AUDCAD_l;Long;m1;Minor(43);Downtrend;Neutral (42.0);Normal (12 vs 13 points);No News;2.00|4.00|6.00|8.00|10.00;133.51|267.03|400.54|534.06|667.57;24.68;0.91771|0.91758|0.91732|0.91693|0.91641;0.91783|0.91774|0.91759|0.91738|0.91709;0.91809|0.91787|0.91772|0.91751|0.91722;0.91809|0.91787|0.91772|0.91751|0.91722;0.91563;1;1;39.27;2025.09.17 08:59
2025.09.17 10:03;Close;10192;AUDCAD_l;Long;m1;Super Minor(22);Downtrend;Neutral (38.1);Normal (8 vs 23 points);No News;2.00|4.00|6.00|8.00|10.00;133.41|266.82|400.23|533.64|667.05;35.94;0.91730|0.91707|0.91661|0.91592|0.91500;0.91738|0.91723|0.91696|0.91658|0.91608;0.91784|0.91746|0.91719|0.91681|0.91631;0.91784|0.91746|0.91719|0.91681|0.91631;0.91362;1;1;68.31;2025.09.17 10:27
2025.09.17 11:14;Close;10193;AUDCAD_l;Long;m1;Super Minor(13);Downtrend;Neutral (39.8);Normal (8 vs 19 points);No News;2.00|4.00|6.00|8.00|10.00;133.35|266.70|400.05|533.40|666.75;31.39;0.91735|0.91716|0.91678|0.91621|0.91545;0.91743|0.91730|0.91708|0.91677|0.91635;0.91781|0.91749|0.91727|0.91696|0.91654;0.91781|0.91749|0.91727|0.91696|0.91654;0.91431;2;2;104.67;2025.09.17 13:18
2025.09.17 18:16;Close;10194;AUDCAD_l;Long;m1;Super Minor(21);Downtrend;Neutral (37.4);Normal (8 vs 28 points);No News;2.00|4.00|6.00|8.00|10.00;133.39|266.78|400.16|533.55|666.94;41.56;0.91734|0.91706|0.91650|0.91566|0.91454;0.91742|0.91723|0.91691|0.91644|0.91583;0.91798|0.91751|0.91719|0.91672|0.91611;0.91798|0.91751|0.91719|0.91672|0.91611;0.91286;2;2;143.86;2025.09.17 19:01
2025.09.17 19:54;Close;10195;AUDCAD_l;Long;m1;Major(90);Downtrend;Neutral (35.6);Normal (12 vs 16 points);No News;2.00|4.00|6.00|8.00|10.00;133.25|266.50|399.74|532.99|666.24;28.01;0.91670|0.91654|0.91622|0.91574|0.91510;0.91682|0.91671|0.91653|0.91626|0.91591;0.91714|0.91687|0.91669|0.91642|0.91607;0.91714|0.91687|0.91669|0.91642|0.91607;0.91414;1;1;47.95;2025.09.17 20:13
2025.09.17 21:53;Close;10196;AUDCAD_l;Long;m1;Major(120);Downtrend;Neutral (35.9);Normal (4 vs 97 points);No News;2.00|4.00|6.00|8.00|10.00;132.94|265.87|398.81|531.74|664.68;119.06;0.91588|0.91491|0.91297|0.91006|0.90618;0.91592|0.91527|0.91414|0.91253|0.91042;0.91786|0.91624|0.91511|0.91350|0.91139;0.91786|0.91624|0.91511|0.91350|0.91139;0.90036;1;1;283.36;2025.09.17 22:08
2025.09.18 02:45;Close;10197;AUDCAD_l;Long;m1;Super Minor(25);Downtrend;Neutral (42.6);Normal (10 vs 17 points);No News;2.00|4.00|6.00|8.00|10.00;133.10|266.20|399.29|532.39|665.49;29.12;0.91615|0.91598|0.91564|0.91513|0.91445;0.91625|0.91614|0.91594|0.91566|0.91529;0.91659|0.91631|0.91611|0.91583|0.91546;0.91659|0.91631|0.91611|0.91583|0.91546;0.91343;4;4;454.43;2025.09.18 04:23
2025.09.18 07:09;Close;10198;AUDCAD_l;Long;m1;Super Minor(20);Downtrend;Neutral (40.0);Normal (10 vs 21 points);No News;2.00|4.00|6.00|8.00|10.00;132.83|265.67|398.50|531.34|664.17;33.58;0.91490|0.91469|0.91427|0.91364|0.91280;0.91500|0.91486|0.91462|0.91427|0.91381;0.91542|0.91507|0.91483|0.91448|0.91402;0.91542|0.91507|0.91483|0.91448|0.91402;0.91154;5;5;703.42;2025.09.18 10:15
2025.09.18 15:11;Close;10199;AUDCAD_l;Long;m1;Super Minor(29);Downtrend;Neutral (53.9);Normal (9 vs 27 points);No News;2.00|4.00|6.00|8.00|10.00;132.93|265.86|398.80|531.73|664.66;40.33;0.91582|0.91555|0.91501|0.91420|0.91312;0.91591|0.91573|0.91542|0.91497|0.91438;0.91645|0.91600|0.91569|0.91524|0.91465;0.91699|0.91627|0.91596|0.91551|0.91492;0.91150;5;8;1349.28;2025.09.24 04:39
2025.09.24 13:57;Close;10200;AUDCAD_l;Long;m1;Super Minor(10);Uptrend;Neutral (48.1);Normal (8 vs 17 points);No News;2.00|4.00|6.00|8.00|10.00;132.11|264.22|396.34|528.45|660.56;28.90;0.91628|0.91611|0.91577|0.91526|0.91458;0.91636|0.91625|0.91605|0.91577|0.91540;0.91670|0.91642|0.91622|0.91594|0.91557;0.91704|0.91659|0.91639|0.91611|0.91574;0.91356;3;3;354.71;2025.09.24 15:11
2025.09.24 16:41;Close;10201;AUDCAD_l;Long;m1;Minor(43);Uptrend;Neutral (30.8);Normal (12 vs 36 points);No News;2.00|4.00|6.00|8.00|10.00;131.79|263.57|395.36|527.14|658.93;50.10;0.91431|0.91395|0.91323|0.91215|0.91071;0.91443|0.91419|0.91377|0.91317|0.91239;0.91515|0.91455|0.91413|0.91353|0.91275;0.91587|0.91491|0.91449|0.91389|0.91311;0.90855;1;1;208.81;2025.09.24 17:48
2025.09.25 08:33;Close;10202;AUDCAD_l;Long;m1;Super Minor(15);Uptrend;Neutral (49.4);Normal (9 vs 15 points);No News;2.00|4.00|6.00|8.00|10.00;131.84|263.69|395.53|527.38|659.22;26.64;0.91560|0.91545|0.91515|0.91470|0.91410;0.91569|0.91559|0.91542|0.91517|0.91484;0.91599|0.91574|0.91557|0.91532|0.91499;0.91629|0.91589|0.91572|0.91547|0.91514;0.91320;1;1;86.38;2025.09.25 09:18
2025.09.25 13:41;Close;10203;AUDCAD_l;Long;m1;Super Minor(10);Uptrend;Neutral (49.3);Normal (8 vs 23 points);No News;2.00|4.00|6.00|8.00|10.00;131.90|263.80|395.69|527.59|659.49;35.57;0.91613|0.91590|0.91544|0.91475|0.91383;0.91621|0.91606|0.91579|0.91541|0.91491;0.91667|0.91629|0.91602|0.91564|0.91514;0.91713|0.91652|0.91625|0.91587|0.91537;0.91245;5;7;1168.93;2025.09.29 15:53
2025.09.30 08:56;Close;10204;AUDCAD_l;Long;m1;Super Minor(12);Uptrend;Neutral (70.0);Normal (10 vs 46 points);No News;2.00|4.00|6.00|8.00|10.00;132.11|264.22|396.33|528.44|660.55;61.14;0.91901|0.91855|0.91763|0.91625|0.91441;0.91911|0.91880|0.91827|0.91750|0.91650;0.92003|0.91926|0.91873|0.91796|0.91696;0.92095|0.91972|0.91919|0.91842|0.91742;0.91165;4;4;1474.74;2025.09.30 10:54
2025.09.30 22:06;Close;10205;AUDCAD_l;Long;m1;Mid Major(59);Uptrend;Neutral (45.3);Normal (12 vs 21 points);No News;2.00|4.00|6.00|8.00|10.00;132.31|264.62|396.92|529.23|661.54;33.32;0.92046|0.92025|0.91983|0.91920|0.91836;0.92058|0.92044|0.92020|0.91985|0.91939;0.92100|0.92065|0.92041|0.92006|0.91960;0.92142|0.92086|0.92062|0.92027|0.91981;0.91710;2;2;247.14;2025.10.01 02:07
2025.10.01 02:59;Close;10206;AUDCAD_l;Long;m1;Super Minor(24);Uptrend;Neutral (45.8);Normal (13 vs 19 points);No News;2.00|4.00|6.00|8.00|10.00;132.21|264.42|396.63|528.84|661.05;31.05;0.92027|0.92008|0.91970|0.91913|0.91837;0.92040|0.92027|0.92005|0.91974|0.91932;0.92078|0.92046|0.92024|0.91993|0.91951;0.92116|0.92065|0.92043|0.92012|0.91970;0.91723;5;5;1113.08;2025.10.01 10:02
2025.10.01 17:48;Close;10207;AUDCAD_l;Long;m1;Mid Major(51);Uptrend;Neutral (54.1);Normal (8 vs 40 points);No News;2.00|4.00|6.00|8.00|10.00;132.21|264.42|396.62|528.83|661.04;54.39;0.92139|0.92099|0.92019|0.91899|0.91739;0.92147|0.92120|0.92074|0.92007|0.91920;0.92227|0.92160|0.92114|0.92047|0.91960;0.92307|0.92200|0.92154|0.92087|0.92000;0.91499;2;2;377.25;2025.10.01 21:14
2025.10.01 22:59;Close;10208;AUDCAD_l;Long;m1;Minor(34);Uptrend;Neutral (52.8);Normal (11 vs 16 points);No News;2.00|4.00|6.00|8.00|10.00;132.27|264.53|396.80|529.06|661.33;27.71;0.92183|0.92167|0.92135|0.92087|0.92023;0.92194|0.92183|0.92165|0.92138|0.92103;0.92226|0.92199|0.92181|0.92154|0.92119;0.92258|0.92215|0.92197|0.92170|0.92135;0.91927;3;3;408.90;2025.10.02 02:58
2025.10.02 06:28;Close;10209;AUDCAD_l;Long;m1;Super Minor(25);Uptrend;Neutral (49.3);Normal (11 vs 19 points);No News;2.00|4.00|6.00|8.00|10.00;132.27|264.54|396.81|529.08|661.35;31.05;0.92165|0.92146|0.92108|0.92051|0.91975;0.92176|0.92163|0.92141|0.92110|0.92068;0.92214|0.92182|0.92160|0.92129|0.92087;0.92252|0.92201|0.92179|0.92148|0.92106;0.91861;1;1;109.00;2025.10.02 07:50
2025.10.02 09:13;Close;10210;AUDCAD_l;Long;m1;Minor(50);Uptrend;Neutral (54.1);Normal (12 vs 26 points);No News;2.00|4.00|6.00|8.00|10.00;132.38|264.76|397.14|529.52|661.90;38.85;0.92223|0.92197|0.92145|0.92067|0.91963;0.92235|0.92218|0.92187|0.92144|0.92088;0.92287|0.92244|0.92213|0.92170|0.92114;0.92339|0.92270|0.92239|0.92196|0.92140;0.91807;2;2;259.73;2025.10.02 10:25
2025.10.02 11:25;Close;10211;AUDCAD_l;Long;m1;Super Minor(11);Uptrend;Neutral (50.2);Normal (8 vs 28 points);No News;2.00|4.00|6.00|8.00|10.00;132.39|264.77|397.16|529.54|661.93;41.08;0.92221|0.92193|0.92137|0.92053|0.91941;0.92229|0.92210|0.92178|0.92131|0.92070;0.92285|0.92238|0.92206|0.92159|0.92098;0.92341|0.92266|0.92234|0.92187|0.92126;0.91773;2;2;265.53;2025.10.02 11:57
2025.10.02 15:58;Close;10212;AUDCAD_l;Long;m1;Major(108);Uptrend;Neutral (32.6);Normal (8 vs 28 points);No News;2.00|4.00|6.00|8.00|10.00;132.05|264.10|396.16|528.21|660.26;41.01;0.92053|0.92025|0.91969|0.91885|0.91773;0.92061|0.92042|0.92010|0.91963|0.91902;0.92117|0.92070|0.92038|0.91991|0.91930;0.92117|0.92070|0.92038|0.91991|0.91930;0.91605;3;3;313.49;2025.10.02 18:10
2025.10.02 22:41;Close;10213;AUDCAD_l;Long;m1;Super Minor(10);Uptrend;Neutral (52.2);Normal (11 vs 12 points);No News;2.00|4.00|6.00|8.00|10.00;131.96|263.92|395.89|527.85|659.81;23.23;0.92086|0.92074|0.92050|0.92014|0.91966;0.92097|0.92089|0.92075|0.92055|0.92029;0.92121|0.92101|0.92087|0.92067|0.92041;0.92145|0.92113|0.92099|0.92079|0.92053;0.91894;2;2;134.66;2025.10.02 23:06
2025.10.03 08:03;Close;10214;AUDCAD_l;Long;m1;Super Minor(22);Downtrend;Neutral (36.8);Normal (10 vs 17 points);No News;2.00|4.00|6.00|8.00|10.00;131.82|263.64|395.47|527.29|659.11;28.77;0.92042|0.92025|0.91991|0.91940|0.91872;0.92052|0.92041|0.92021|0.91993|0.91956;0.92086|0.92058|0.92038|0.92010|0.91973;0.92086|0.92058|0.92038|0.92010|0.91973;0.91770;2;2;111.72;2025.10.03 09:08
2025.10.03 15:32;Close;10215;AUDCAD_l;Long;m1;Mid Major(74);Uptrend;Neutral (44.0);Normal (8 vs 30 points);No News;2.00|4.00|6.00|8.00|10.00;132.05|264.10|396.14|528.19|660.24;43.22;0.92161|0.92131|0.92071|0.91981|0.91861;0.92169|0.92149|0.92114|0.92064|0.91999;0.92229|0.92179|0.92144|0.92094|0.92029;0.92289|0.92209|0.92174|0.92124|0.92059;0.91681;2;2;280.82;2025.10.03 16:40
2025.10.06 07:18;Close;10216;AUDCAD_l;Long;m1;Super Minor(24);Uptrend;Neutral (51.8);Normal (9 vs 21 points);No News;2.00|4.00|6.00|8.00|10.00;132.11|264.22|396.32|528.43|660.54;33.24;0.92134|0.92113|0.92071|0.92008|0.91924;0.92143|0.92129|0.92105|0.92070|0.92024;0.92185|0.92150|0.92126|0.92091|0.92045;0.92227|0.92171|0.92147|0.92112|0.92066;0.91798;2;2;217.96;2025.10.06 09:59
2025.10.06 19:11;Close;10217;AUDCAD_l;Long;m1;Mid Major(53);Uptrend;Neutral (53.2);Normal (13 vs 17 points);No News;2.00|4.00|6.00|8.00|10.00;132.31|264.61|396.92|529.22|661.53;28.82;0.92260|0.92243|0.92209|0.92158|0.92090;0.92273|0.92262|0.92242|0.92214|0.92177;0.92307|0.92279|0.92259|0.92231|0.92194;0.92341|0.92296|0.92276|0.92248|0.92211;0.91988;2;2;187.88;2025.10.07 03:02
2025.10.07 04:01;Close;10218;AUDCAD_l;Long;m1;Super Minor(12);Downtrend;Neutral (35.7);Normal (9 vs 34 points);No News;2.00|4.00|6.00|8.00|10.00;132.17|264.34|396.50|528.67|660.84;47.68;0.92166|0.92132|0.92064|0.91962|0.91826;0.92175|0.92152|0.92113|0.92056|0.91982;0.92243|0.92186|0.92147|0.92090|0.92016;0.92311|0.92220|0.92181|0.92124|0.92050;0.91622;1;1;199.31;2025.10.07 05:26
2025.10.07 07:02;Close;10219;AUDCAD_l;Long;m1;Super Minor(21);Uptrend;Neutral (50.7);Normal (11 vs 18 points);No News;2.00|4.00|6.00|8.00|10.00;132.36|264.72|397.08|529.44|661.80;29.92;0.92287|0.92269|0.92233|0.92179|0.92107;0.92298|0.92286|0.92265|0.92235|0.92196;0.92334|0.92304|0.92283|0.92253|0.92214;0.92370|0.92322|0.92301|0.92271|0.92232;0.91999;5;14;997.34;2025.12.04 03:02
2025.12.04 10:58;Close;10220;AUDCAD_l;Long;m1;Super Minor(27);Uptrend;Neutral (54.9);Normal (10 vs 24 points);No News;2.00|4.00|6.00|8.00|10.00;132.25|264.50|396.76|529.01|661.26;36.57;0.92309|0.92285|0.92237|0.92165|0.92069;0.92319|0.92303|0.92275|0.92235|0.92183;0.92367|0.92327|0.92299|0.92259|0.92207;0.92415|0.92351|0.92323|0.92283|0.92231;0.91925;2;2;234.79;2025.12.04 13:37
2025.12.05 16:02;Close;10221;AUDCAD_l;Long;m1;Super Minor(20);Downtrend;Neutral (33.0);Normal (10 vs 34 points);No News;2.00|4.00|6.00|8.00|10.00;132.80|265.59|398.39|531.18|663.98;47.90;0.92195|0.92161|0.92093|0.91991|0.91855;0.92205|0.92182|0.92143|0.92086|0.92012;0.92273|0.92216|0.92177|0.92120|0.92046;0.92341|0.92250|0.92211|0.92154|0.92080;0.91651;5;6;1689.95;2025.12.10 09:15
2025.12.10 12:51;Close;10222;AUDCAD_l;Long;m1;Major(89);Uptrend;Neutral (49.2);Normal (11 vs 20 points);No News;2.00|4.00|6.00|8.00|10.00;132.91|265.82|398.72|531.63|664.54;32.33;0.92054|0.92034|0.91994|0.91934|0.91854;0.92065|0.92052|0.92028|0.91995|0.91952;0.92105|0.92072|0.92048|0.92015|0.91972;0.92145|0.92092|0.92068|0.92035|0.91992;0.91734;4;4;734.50;2025.12.10 17:02
2025.12.10 17:56;Close;10223;AUDCAD_l;Long;m1;Super Minor(18);Downtrend;Neutral (38.3);Normal (9 vs 35 points);No News;2.00|4.00|6.00|8.00|10.00;132.64|265.28|397.91|530.55|663.19;49.10;0.91870|0.91835|0.91765|0.91660|0.91520;0.91879|0.91856|0.91815|0.91757|0.91681;0.91949|0.91891|0.91850|0.91792|0.91716;0.91949|0.91891|0.91850|0.91792|0.91716;0.91310;3;3;367.39;2025.12.10 21:00
2025.12.11 05:09;Close;10224;AUDCAD_l;Long;m1;Minor(32);Downtrend;Neutral (30.1);Normal (11 vs 41 points);No News;2.00|4.00|6.00|8.00|10.00;132.95|265.91|398.86|531.82|664.77;55.99;0.91776|0.91735|0.91653|0.91530|0.91366;0.91787|0.91760|0.91712|0.91644|0.91555;0.91869|0.91801|0.91753|0.91685|0.91596;0.91869|0.91801|0.91753|0.91685|0.91596;0.91120;3;3;442.99;2025.12.11 09:25
2025.12.11 22:46;Close;10225;AUDCAD_l;Long;m1;Mid Major(54);Downtrend;Neutral (38.2);Normal (8 vs 16 points);No News;2.00|4.00|6.00|8.00|10.00;133.28|266.56|399.84|533.12|666.40;28.02;0.91750|0.91734|0.91702|0.91654|0.91590;0.91758|0.91747|0.91729|0.91702|0.91667;0.91790|0.91763|0.91745|0.91718|0.91683;0.91790|0.91763|0.91745|0.91718|0.91683;0.91494;1;1;47.93;2025.12.11 23:42
2025.12.12 09:02;Close;10226;AUDCAD_l;Long;m1;Super Minor(11);Downtrend;Neutral (44.1);Normal (11 vs 22 points);No News;2.00|4.00|6.00|8.00|10.00;133.28|266.56|399.85|533.13|666.41;34.76;0.91771|0.91749|0.91705|0.91639|0.91551;0.91782|0.91767|0.91742|0.91705|0.91657;0.91826|0.91789|0.91764|0.91727|0.91679;0.91826|0.91789|0.91764|0.91727|0.91679;0.91419;2;2;127.83;2025.12.12 09:39
2025.12.12 11:54;Close;10227;AUDCAD_l;Long;m1;Minor(43);Downtrend;Neutral (43.9);Normal (10 vs 26 points);No News;2.00|4.00|6.00|8.00|10.00;133.37|266.74|400.12|533.49|666.86;39.29;0.91757|0.91731|0.91679|0.91601|0.91497;0.91767|0.91750|0.91719|0.91676|0.91620;0.91819|0.91776|0.91745|0.91702|0.91646;0.91819|0.91776|0.91745|0.91702|0.91646;0.91341;3;3;299.40;2025.12.12 16:24
2025.12.12 21:24;Close;10228;AUDCAD_l;Long;m1;Super Minor(16);Downtrend;Neutral (42.3);Normal (8 vs 23 points);No News;2.00|4.00|6.00|8.00|10.00;133.00|266.00|399.01|532.01|665.01;35.87;0.91574|0.91551|0.91505|0.91436|0.91344;0.91582|0.91567|0.91540|0.91502|0.91452;0.91628|0.91590|0.91563|0.91525|0.91475;0.91628|0.91590|0.91563|0.91525|0.91475;0.91206;2;2;132.22;2025.12.12 23:05
2025.12.15 03:18;Close;10229;AUDCAD_l;Long;m1;Mid Major(56);Downtrend;Neutral (40.9);Normal (11 vs 26 points);No News;2.00|4.00|6.00|8.00|10.00;132.91|265.81|398.72|531.62|664.53;39.23;0.91482|0.91456|0.91404|0.91326|0.91222;0.91493|0.91476|0.91445|0.91402|0.91346;0.91545|0.91502|0.91471|0.91428|0.91372;0.91545|0.91502|0.91471|0.91428|0.91372;0.91066;1;1;77.02;2025.12.15 03:35
2025.12.15 06:22;Close;10230;AUDCAD_l;Long;m1;Major(122);Downtrend;Neutral (38.1);Normal (10 vs 17 points);No News;2.00|4.00|6.00|8.00|10.00;132.84|265.67|398.51|531.34|664.18;29.10;0.91435|0.91418|0.91384|0.91333|0.91265;0.91445|0.91434|0.91414|0.91386|0.91349;0.91479|0.91451|0.91431|0.91403|0.91366;0.91479|0.91451|0.91431|0.91403|0.91366;0.91163;1;1;49.40;2025.12.15 07:18
2025.12.15 22:34;Close;10231;AUDCAD_l;Long;m1;Super Minor(11);Downtrend;Neutral (42.3);Normal (10 vs 16 points);No News;2.00|4.00|6.00|8.00|10.00;132.76|265.53|398.29|531.06|663.82;27.96;0.91422|0.91406|0.91374|0.91326|0.91262;0.91432|0.91421|0.91403|0.91376|0.91341;0.91464|0.91437|0.91419|0.91392|0.91357;0.91464|0.91437|0.91419|0.91392|0.91357;0.91166;1;1;46.49;2025.12.16 01:06
2025.12.16 02:40;Close;10232;AUDCAD_l;Long;m1;Super Minor(28);Downtrend;Neutral (36.9);Normal (11 vs 26 points);No News;2.00|4.00|6.00|8.00|10.00;132.63|265.27|397.90|530.54|663.17;39.20;0.91332|0.91306|0.91254|0.91176|0.91072;0.91343|0.91326|0.91295|0.91252|0.91196;0.91395|0.91352|0.91321|0.91278|0.91222;0.91395|0.91352|0.91321|0.91278|0.91222;0.90916;3;3;307.84;2025.12.16 04:26
2025.12.16 11:28;Close;10233;AUDCAD_l;Long;m1;Super Minor(23);Downtrend;Neutral (51.7);Normal (8 vs 26 points);No News;2.00|4.00|6.00|8.00|10.00;132.72|265.44|398.17|530.89|663.61;39.20;0.91402|0.91376|0.91324|0.91246|0.91142;0.91410|0.91393|0.91362|0.91319|0.91263;0.91462|0.91419|0.91388|0.91345|0.91289;0.91462|0.91419|0.91388|0.91345|0.91289;0.90986;2;2;137.93;2025.12.16 12:27
2025.12.16 14:43;Close;10234;AUDCAD_l;Long;m1;Minor(37);Downtrend;Neutral (36.0);Normal (10 vs 23 points);No News;2.00|4.00|6.00|8.00|10.00;132.67|265.34|398.00|530.67|663.34;35.84;0.91314|0.91291|0.91245|0.91176|0.91084;0.91324|0.91309|0.91282|0.91244|0.91194;0.91370|0.91332|0.91305|0.91267|0.91217;0.91370|0.91332|0.91305|0.91267|0.91217;0.90946;2;2;129.36;2025.12.16 14:59
2025.12.16 17:42;Close;10235;AUDCAD_l;Long;m1;Super Minor(14);Downtrend;Neutral (35.2);Normal (10 vs 46 points);No News;2.00|4.00|6.00|8.00|10.00;132.65|265.29|397.94|530.58|663.23;61.78;0.91197|0.91151|0.91059|0.90921|0.90737;0.91207|0.91176|0.91123|0.91046|0.90946;0.91299|0.91222|0.91169|0.91092|0.90992;0.91299|0.91222|0.91169|0.91092|0.90992;0.90461;2;2;227.00;2025.12.16 20:45
2025.12.16 21:26;Close;10236;AUDCAD_l;Long;m1;Mid Major(69);Downtrend;Neutral (37.4);Normal (10 vs 29 points);No News;2.00|4.00|6.00|8.00|10.00;132.55|265.09|397.64|530.18|662.73;42.62;0.91141|0.91112|0.91054|0.90967|0.90851;0.91151|0.91132|0.91098|0.91050|0.90987;0.91209|0.91161|0.91127|0.91079|0.91016;0.91209|0.91161|0.91127|0.91079|0.91016;0.90677;1;1;81.48;2025.12.16 21:41
2025.12.17 06:37;Close;10237;AUDCAD_l;Long;m1;Super Minor(17);Downtrend;Neutral (39.9);Normal (13 vs 25 points);No News;2.00|4.00|6.00|8.00|10.00;132.34|264.69|397.03|529.38|661.72;38.05;0.91132|0.91107|0.91057|0.90982|0.90882;0.91145|0.91128|0.91099|0.91058|0.91003;0.91195|0.91153|0.91124|0.91083|0.91028;0.91195|0.91153|0.91124|0.91083|0.91028;0.90732;1;1;72.59;2025.12.17 08:13
2025.12.17 16:17;Close;10238;AUDCAD_l;Long;m1;Mid Major(54);Downtrend;Neutral (44.9);Normal (9 vs 31 points);No News;2.00|4.00|6.00|8.00|10.00;132.42|264.84|397.27|529.69|662.11;44.81;0.91180|0.91149|0.91087|0.90994|0.90870;0.91189|0.91168|0.91132|0.91081|0.91013;0.91251|0.91199|0.91163|0.91112|0.91044;0.91251|0.91199|0.91163|0.91112|0.91044;0.90684;2;2;165.55;2025.12.17 16:50
2025.12.18 06:01;Close;10239;AUDCAD_l;Long;m1;Super Minor(14);Downtrend;Neutral (36.2);Normal (10 vs 18 points);No News;2.00|4.00|6.00|8.00|10.00;131.88|263.76|395.64|527.52|659.40;30.14;0.90882|0.90864|0.90828|0.90774|0.90702;0.90892|0.90880|0.90859|0.90829|0.90790;0.90928|0.90898|0.90877|0.90847|0.90808;0.90928|0.90898|0.90877|0.90847|0.90808;0.90594;1;1;52.24;2025.12.18 06:46
2025.12.18 19:06;Close;10240;AUDCAD_l;Long;m1;Major(109);Downtrend;Neutral (42.7);Normal (10 vs 26 points);No News;2.00|4.00|6.00|8.00|10.00;132.31|264.63|396.94|529.26|661.57;39.21;0.91044|0.91018|0.90966|0.90888|0.90784;0.91054|0.91037|0.91006|0.90963|0.90907;0.91106|0.91063|0.91032|0.90989|0.90933;0.91106|0.91063|0.91032|0.90989|0.90933;0.90628;2;2;149.60;2025.12.18 19:40
2025.12.19 06:23;Close;10241;AUDCAD_l;Long;m1;Super Minor(22);Downtrend;Neutral (47.4);Normal (11 vs 17 points);No News;2.00|4.00|6.00|8.00|10.00;132.17|264.34|396.51|528.68|660.85;29.01;0.91098|0.91081|0.91047|0.90996|0.90928;0.91109|0.91098|0.91078|0.91050|0.91013;0.91143|0.91115|0.91095|0.91067|0.91030;0.91143|0.91115|0.91095|0.91067|0.91030;0.90826;2;2;110.24;2025.12.19 08:19
2025.12.19 09:01;Close;10242;AUDCAD_l;Long;m1;Super Minor(17);Downtrend;Neutral (44.5);Normal (10 vs 25 points);No News;2.00|4.00|6.00|8.00|10.00;132.09|264.17|396.26|528.34|660.43;38.00;0.91069|0.91044|0.90994|0.90919|0.90819;0.91079|0.91062|0.91033|0.90992|0.90937;0.91129|0.91087|0.91058|0.91017|0.90962;0.91129|0.91087|0.91058|0.91017|0.90962;0.90669;2;2;136.32;2025.12.19 10:03
2025.12.19 15:09;Close;10243;AUDCAD_l;Long;m1;Super Minor(21);Downtrend;Neutral (36.8);Normal (11 vs 25 points);No News;2.00|4.00|6.00|8.00|10.00;132.07|264.13|396.20|528.26|660.33;38.00;0.91057|0.91032|0.90982|0.90907|0.90807;0.91068|0.91051|0.91022|0.90981|0.90926;0.91118|0.91076|0.91047|0.91006|0.90951;0.91168|0.91101|0.91072|0.91031|0.90976;0.90657;1;1;145.33;2025.12.19 17:09
2025.12.22 16:00;Close;10244;AUDCAD_l;Long;m1;Super Minor(21);Uptrend;Neutral (44.4);Normal (8 vs 25 points);No News;2.00|4.00|6.00|8.00|10.00;132.94|265.87|398.81|531.74|664.68;38.13;0.91412|0.91387|0.91337|0.91262|0.91162;0.91420|0.91403|0.91374|0.91333|0.91278;0.91470|0.91428|0.91399|0.91358|0.91303;0.91520|0.91453|0.91424|0.91383|0.91328;0.91012;1;1;146.94;2025.12.22 22:39
2025.12.23 15:00;Close;10245;AUDCAD_l;Long;m1;Major(112);Uptrend;Neutral (49.1);Normal (11 vs 22 points);No News;2.00|4.00|6.00|8.00|10.00;133.88|267.76|401.64|535.52|669.40;34.94;0.91676|0.91654|0.91610|0.91544|0.91456;0.91687|0.91672|0.91647|0.91610|0.91562;0.91731|0.91694|0.91669|0.91632|0.91584;0.91775|0.91716|0.91691|0.91654|0.91606;0.91324;3;3;485.55;2025.12.23 17:28
2025.12.23 19:55;Close;10246;AUDCAD_l;Long;m1;Minor(35);Uptrend;Neutral (47.3);Normal (11 vs 20 points);No News;2.00|4.00|6.00|8.00|10.00;133.79|267.58|401.36|535.15|668.94;32.66;0.91675|0.91655|0.91615|0.91555|0.91475;0.91686|0.91673|0.91649|0.91616|0.91573;0.91726|0.91693|0.91669|0.91636|0.91593;0.91766|0.91713|0.91689|0.91656|0.91613;0.91355;1;1;116.97;2025.12.24 03:47
2025.12.24 05:01;Close;10247;AUDCAD_l;Long;m1;Super Minor(26);Uptrend;Neutral (51.3);Normal (11 vs 23 points);No News;2.00|4.00|6.00|8.00|10.00;134.15|268.29|402.44|536.58|670.73;36.11;0.91731|0.91708|0.91662|0.91593|0.91501;0.91742|0.91727|0.91700|0.91662|0.91612;0.91788|0.91750|0.91723|0.91685|0.91635;0.91834|0.91773|0.91746|0.91708|0.91658;0.91363;2;2;238.28;2025.12.24 06:55
2025.12.24 14:01;Close;10248;AUDCAD_l;Long;m1;Super Minor(17);Uptrend;Neutral (37.9);Normal (12 vs 17 points);No News;2.00|4.00|6.00|8.00|10.00;134.21|268.41|402.62|536.82|671.03;29.33;0.91711|0.91694|0.91660|0.91609|0.91541;0.91723|0.91712|0.91692|0.91664|0.91627;0.91757|0.91729|0.91709|0.91681|0.91644;0.91791|0.91746|0.91726|0.91698|0.91661;0.91439;2;2;185.68;2025.12.24 15:46
2025.12.24 20:13;Close;10249;AUDCAD_l;Long;m1;Super Minor(21);Uptrend;Neutral (40.8);Normal (10 vs 24 points);No News;2.00|4.00|6.00|8.00|10.00;134.10|268.19|402.29|536.38|670.48;37.26;0.91670|0.91646|0.91598|0.91526|0.91430;0.91680|0.91664|0.91636|0.91596|0.91544;0.91728|0.91688|0.91660|0.91620|0.91568;0.91776|0.91712|0.91684|0.91644|0.91592;0.91286;2;2;239.81;2025.12.24 22:25
2025.12.26 05:34;Close;10250;AUDCAD_l;Long;m1;Super Minor(16);Uptrend;Neutral (54.2);Normal (15 vs 20 points);No News;2.00|4.00|6.00|8.00|10.00;134.24|268.47|402.71|536.94|671.18;32.73;0.91770|0.91750|0.91710|0.91650|0.91570;0.91785|0.91772|0.91748|0.91715|0.91672;0.91825|0.91792|0.91768|0.91735|0.91692;0.91865|0.91812|0.91788|0.91755|0.91712;0.91450;4;4;799.62;2025.12.26 14:57
2025.12.29 10:50;Close;10251;AUDCAD_l;Long;m1;Minor(40);Uptrend;Neutral (41.8);Normal (9 vs 28 points);No News;2.00|4.00|6.00|8.00|10.00;134.14|268.28|402.41|536.55|670.69;41.77;0.91753|0.91725|0.91669|0.91585|0.91473;0.91762|0.91743|0.91711|0.91664|0.91603;0.91818|0.91771|0.91739|0.91692|0.91631;0.91874|0.91799|0.91767|0.91720|0.91659;0.91305;4;4;944.11;2025.12.30 03:47
2025.12.30 09:41;Close;10252;AUDCAD_l;Long;m1;Super Minor(28);Uptrend;Neutral (56.5);Normal (10 vs 15 points);No News;2.00|4.00|6.00|8.00|10.00;134.23|268.46|402.69|536.92|671.15;27.05;0.91819|0.91804|0.91774|0.91729|0.91669;0.91829|0.91819|0.91802|0.91777|0.91744;0.91859|0.91834|0.91817|0.91792|0.91759;0.91889|0.91849|0.91832|0.91807|0.91774;0.91579;4;4;581.73;2025.12.30 12:23
2025.12.30 17:23;Close;10253;AUDCAD_l;Long;m1;Major(95);Downtrend;Neutral (37.7);Normal (12 vs 28 points);No News;2.00|4.00|6.00|8.00|10.00;133.88|267.76|401.64|535.52|669.40;41.73;0.91674|0.91646|0.91590|0.91506|0.91394;0.91686|0.91667|0.91635|0.91588|0.91527;0.91742|0.91695|0.91663|0.91616|0.91555;0.91742|0.91695|0.91663|0.91616|0.91555;0.91226;2;2;160.76;2025.12.30 19:37
