Time	Open	High	Low	Close
2026.01.02 00:00:00	0.914620	0.917540	0.914490	0.917370
2026.01.02 04:00:00	0.917370	0.918850	0.917030	0.918270
2026.01.02 08:00:00	0.918240	0.919690	0.916830	0.919050
2026.01.02 12:00:00	0.919040	0.919410	0.917930	0.918810
2026.01.02 16:00:00	0.918820	0.919970	0.917480	0.918450
2026.01.02 20:00:00	0.918420	0.919580	0.917760	0.918690
2026.01.05 00:00:00	0.918380	0.919620	0.917050	0.918390
2026.01.05 04:00:00	0.918400	0.919310	0.917880	0.919030
2026.01.05 08:00:00	0.919030	0.920610	0.918680	0.919650
2026.01.05 12:00:00	0.919650	0.921300	0.919410	0.921290
2026.01.05 16:00:00	0.921300	0.924250	0.921090	0.923610
2026.01.05 20:00:00	0.923610	0.924680	0.923260	0.924240
2026.01.06 00:00:00	0.924240	0.924760	0.923190	0.924270
2026.01.06 04:00:00	0.924250	0.926310	0.924150	0.925810
2026.01.06 08:00:00	0.925810	0.926970	0.924570	0.924690
2026.01.06 12:00:00	0.924680	0.926520	0.924210	0.926280
2026.01.06 16:00:00	0.926280	0.928930	0.925750	0.928760
2026.01.06 20:00:00	0.928760	0.930860	0.928710	0.930560
2026.01.07 00:00:00	0.930400	0.932770	0.928400	0.932400
2026.01.07 04:00:00	0.932400	0.934470	0.931490	0.932630
2026.01.07 08:00:00	0.932630	0.933250	0.930420	0.930710
2026.01.07 12:00:00	0.930690	0.930910	0.928900	0.929650
2026.01.07 16:00:00	0.929650	0.930720	0.928590	0.930580
2026.01.07 20:00:00	0.930580	0.931640	0.930400	0.931420
2026.01.08 00:00:00	0.931370	0.932230	0.930880	0.932060
2026.01.08 04:00:00	0.932060	0.932060	0.929100	0.929420
2026.01.08 08:00:00	0.929420	0.930570	0.928370	0.928770
2026.01.08 12:00:00	0.928770	0.929160	0.927380	0.927660
2026.01.08 16:00:00	0.927660	0.928470	0.926550	0.928350
2026.01.08 20:00:00	0.928340	0.928760	0.927780	0.928350
2026.01.09 00:00:00	0.928350	0.929250	0.927520	0.928350
2026.01.09 04:00:00	0.928340	0.929030	0.928160	0.928500
2026.01.09 08:00:00	0.928500	0.928560	0.926290	0.926860
2026.01.09 12:00:00	0.926860	0.929560	0.924830	0.928320
2026.01.09 16:00:00	0.928310	0.928900	0.926220	0.928750
2026.01.09 20:00:00	0.928750	0.930800	0.928670	0.929940
2026.01.12 00:00:00	0.928870	0.931230	0.928860	0.930570
2026.01.12 04:00:00	0.930570	0.930760	0.930030	0.930430
2026.01.12 08:00:00	0.930430	0.931190	0.929670	0.930830
2026.01.12 12:00:00	0.930810	0.931950	0.930410	0.931410
2026.01.12 16:00:00	0.931410	0.932360	0.930600	0.931280
2026.01.12 20:00:00	0.931280	0.931830	0.930770	0.930770
2026.01.13 00:00:00	0.930750	0.931710	0.930560	0.931410
2026.01.13 04:00:00	0.931410	0.931740	0.930230	0.930640
2026.01.13 08:00:00	0.930640	0.930840	0.930020	0.930430
2026.01.13 12:00:00	0.930430	0.932120	0.929120	0.930550
2026.01.13 16:00:00	0.930550	0.931230	0.927000	0.928210
2026.01.13 20:00:00	0.928210	0.928270	0.927300	0.927820
2026.01.14 00:00:00	0.927710	0.928680	0.927460	0.928430
2026.01.14 04:00:00	0.928430	0.930180	0.928400	0.929580
2026.01.14 08:00:00	0.929580	0.930310	0.928890	0.930090
2026.01.14 12:00:00	0.930090	0.930090	0.926160	0.926920
2026.01.14 16:00:00	0.926920	0.928080	0.926120	0.926130
2026.01.14 20:00:00	0.926130	0.928190	0.926130	0.927210
2026.01.15 00:00:00	0.927090	0.928570	0.926520	0.927670
2026.01.15 04:00:00	0.927670	0.928090	0.926360	0.927860
2026.01.15 08:00:00	0.927860	0.931350	0.927710	0.930790
2026.01.15 12:00:00	0.930790	0.931340	0.928520	0.928730
2026.01.15 16:00:00	0.928750	0.932030	0.928480	0.931550
2026.01.15 20:00:00	0.931530	0.931960	0.929850	0.929850
2026.01.16 00:00:00	0.930230	0.931430	0.929730	0.930610
2026.01.16 04:00:00	0.930610	0.931380	0.930190	0.930850
2026.01.16 08:00:00	0.930850	0.931730	0.930280	0.931170
2026.01.16 12:00:00	0.931170	0.931980	0.929830	0.930440
2026.01.16 16:00:00	0.930440	0.930570	0.928380	0.930230
2026.01.16 20:00:00	0.930230	0.930830	0.929390	0.929410
2026.01.19 00:00:00	0.927770	0.930050	0.927660	0.928660
2026.01.19 04:00:00	0.928660	0.930660	0.928250	0.930110
2026.01.19 08:00:00	0.930110	0.930300	0.929330	0.929890
2026.01.19 12:00:00	0.929890	0.931210	0.929820	0.930890
2026.01.19 16:00:00	0.930890	0.931280	0.930130	0.931240
2026.01.19 20:00:00	0.931250	0.931260	0.930780	0.930780
2026.01.20 00:00:00	0.930630	0.931330	0.930220	0.930680
2026.01.20 04:00:00	0.930680	0.933340	0.930500	0.933010
2026.01.20 08:00:00	0.933010	0.933690	0.929810	0.930280
2026.01.20 12:00:00	0.930280	0.931110	0.929980	0.930570
2026.01.20 16:00:00	0.930560	0.932600	0.930330	0.932030
2026.01.20 20:00:00	0.932030	0.932420	0.930970	0.931810
2026.01.21 00:00:00	0.931680	0.932280	0.930970	0.932200
2026.01.21 04:00:00	0.932200	0.932240	0.930970	0.931980
2026.01.21 08:00:00	0.931980	0.934700	0.931840	0.933790
2026.01.21 12:00:00	0.933790	0.934250	0.933060	0.933890
2026.01.21 16:00:00	0.933890	0.935200	0.932990	0.933790
2026.01.21 20:00:00	0.933790	0.935810	0.933600	0.935170
2026.01.22 00:00:00	0.935100	0.939840	0.934330	0.939610
2026.01.22 04:00:00	0.939620	0.940830	0.938970	0.940310
2026.01.22 08:00:00	0.940310	0.941090	0.939490	0.940220
2026.01.22 12:00:00	0.940220	0.940880	0.939780	0.940800
2026.01.22 16:00:00	0.940780	0.943210	0.940440	0.942730
2026.01.22 20:00:00	0.942730	0.943390	0.942390	0.942390
2026.01.23 00:00:00	0.942390	0.944500	0.942390	0.943630
2026.01.23 04:00:00	0.943630	0.944430	0.942690	0.944250
2026.01.23 08:00:00	0.944250	0.945050	0.943020	0.943260
2026.01.23 12:00:00	0.943270	0.945140	0.942560	0.942840
2026.01.23 16:00:00	0.942840	0.944490	0.942840	0.943700
2026.01.23 20:00:00	0.943700	0.945190	0.943320	0.944180
2026.01.26 00:00:00	0.947820	0.949600	0.946280	0.946810
2026.01.26 04:00:00	0.946800	0.947510	0.945460	0.945850
2026.01.26 08:00:00	0.945850	0.947480	0.945340	0.946600
2026.01.26 12:00:00	0.946600	0.947890	0.946250	0.947810
2026.01.26 16:00:00	0.947810	0.950920	0.947470	0.950170
2026.01.26 20:00:00	0.950170	0.950480	0.947840	0.947840
2026.01.27 00:00:00	0.947530	0.949050	0.946940	0.948860
2026.01.27 04:00:00	0.948860	0.949760	0.948410	0.949430
2026.01.27 08:00:00	0.949420	0.950270	0.947960	0.949490
2026.01.27 12:00:00	0.949490	0.950900	0.948840	0.949370
2026.01.27 16:00:00	0.949370	0.949530	0.947610	0.948840
2026.01.27 20:00:00	0.948820	0.952360	0.948600	0.951230
2026.01.28 00:00:00	0.951170	0.954530	0.950390	0.950870
2026.01.28 04:00:00	0.950870	0.951520	0.949910	0.951250
2026.01.28 08:00:00	0.951280	0.952490	0.948420	0.949710
2026.01.28 12:00:00	0.949710	0.950860	0.948130	0.948470
2026.01.28 16:00:00	0.948470	0.950510	0.946500	0.950110
2026.01.28 20:00:00	0.950110	0.954630	0.949350	0.954300
2026.01.29 00:00:00	0.954180	0.954830	0.951110	0.952220
2026.01.29 04:00:00	0.952240	0.958980	0.951700	0.958550
2026.01.29 08:00:00	0.958550	0.958600	0.954180	0.954890
2026.01.29 12:00:00	0.954890	0.955630	0.952620	0.955080
2026.01.29 16:00:00	0.955090	0.956050	0.945240	0.948400
2026.01.29 20:00:00	0.948390	0.951230	0.948120	0.950640
2026.01.30 00:00:00	0.950610	0.951390	0.947610	0.947700
2026.01.30 04:00:00	0.947700	0.947790	0.944450	0.946020
2026.01.30 08:00:00	0.946020	0.947670	0.944290	0.944860
2026.01.30 12:00:00	0.944810	0.949170	0.944810	0.946910
2026.01.30 16:00:00	0.946890	0.949920	0.946360	0.946940
2026.01.30 20:00:00	0.946940	0.948610	0.944540	0.947800
2026.02.02 00:00:00	0.946160	0.949220	0.944160	0.948810
2026.02.02 04:00:00	0.948810	0.949190	0.945100	0.946040
2026.02.02 08:00:00	0.946040	0.949480	0.944520	0.949250
2026.02.02 12:00:00	0.949260	0.949750	0.947370	0.949190
2026.02.02 16:00:00	0.949190	0.952400	0.948440	0.951410
2026.02.02 20:00:00	0.951410	0.951470	0.949490	0.950290
2026.02.03 00:00:00	0.950200	0.953270	0.949580	0.953100
2026.02.03 04:00:00	0.953100	0.960400	0.951540	0.957280
2026.02.03 08:00:00	0.957280	0.962480	0.956830	0.958600
2026.02.03 12:00:00	0.958600	0.959250	0.956870	0.957650
2026.02.03 16:00:00	0.957660	0.958170	0.954680	0.956800
2026.02.03 20:00:00	0.956800	0.958180	0.954960	0.957410
2026.02.04 00:00:00	0.957320	0.959260	0.956020	0.958360
2026.02.04 04:00:00	0.958380	0.959040	0.957130	0.958280
2026.02.04 08:00:00	0.958280	0.959870	0.957280	0.958010
2026.02.04 12:00:00	0.958020	0.960080	0.957960	0.959840
2026.02.04 16:00:00	0.959840	0.959890	0.953400	0.954110
2026.02.04 20:00:00	0.954110	0.956700	0.953320	0.955810
2026.02.05 00:00:00	0.955640	0.957200	0.954970	0.956140
2026.02.05 04:00:00	0.956140	0.956220	0.951980	0.953890
2026.02.05 08:00:00	0.953890	0.956110	0.953610	0.954260
2026.02.05 12:00:00	0.954260	0.955650	0.952180	0.952410
2026.02.05 16:00:00	0.952410	0.953740	0.949190	0.953020
2026.02.05 20:00:00	0.953020	0.953330	0.949170	0.949350
2026.02.06 00:00:00	0.949310	0.950480	0.946450	0.950260
2026.02.06 04:00:00	0.950250	0.952220	0.950090	0.952140
2026.02.06 08:00:00	0.952150	0.954690	0.951850	0.954410
2026.02.06 12:00:00	0.954390	0.955600	0.953730	0.955070
2026.02.06 16:00:00	0.955070	0.958110	0.954430	0.957860
2026.02.06 20:00:00	0.957850	0.958990	0.957600	0.958530
2026.02.09 00:00:00	0.958890	0.961030	0.957950	0.958670
2026.02.09 04:00:00	0.958670	0.960480	0.958630	0.959720
2026.02.09 08:00:00	0.959710	0.960570	0.958850	0.959580
2026.02.09 12:00:00	0.959580	0.960800	0.957540	0.959820
2026.02.09 16:00:00	0.959840	0.962690	0.959640	0.961750
2026.02.09 20:00:00	0.961750	0.962300	0.960900	0.961390
2026.02.10 00:00:00	0.961310	0.961860	0.959940	0.960910
2026.02.10 04:00:00	0.960910	0.960950	0.958430	0.958730
2026.02.10 08:00:00	0.958720	0.959970	0.957870	0.959450
2026.02.10 12:00:00	0.959450	0.960000	0.958340	0.958490
2026.02.10 16:00:00	0.958470	0.959950	0.956640	0.957920
2026.02.10 20:00:00	0.957940	0.959010	0.957450	0.958150
2026.02.11 00:00:00	0.958180	0.961030	0.957460	0.960560
2026.02.11 04:00:00	0.960560	0.963770	0.960310	0.961990
2026.02.11 08:00:00	0.961990	0.962400	0.959950	0.961110
2026.02.11 12:00:00	0.961110	0.966590	0.960300	0.966350
2026.02.11 16:00:00	0.966350	0.968220	0.965580	0.967690
2026.02.11 20:00:00	0.967690	0.967970	0.966440	0.967350
2026.02.12 00:00:00	0.967330	0.969570	0.965920	0.969100
2026.02.12 04:00:00	0.969100	0.969370	0.965960	0.967340
2026.02.12 08:00:00	0.967340	0.967390	0.965180	0.966020
2026.02.12 12:00:00	0.966020	0.968900	0.965620	0.968600
2026.02.12 16:00:00	0.968600	0.969810	0.965260	0.965340
2026.02.12 20:00:00	0.965330	0.965970	0.964290	0.964500
2026.02.13 00:00:00	0.964350	0.966070	0.963910	0.964800
2026.02.13 04:00:00	0.964800	0.965520	0.962840	0.963240
2026.02.13 08:00:00	0.963240	0.963270	0.960480	0.962040
2026.02.13 12:00:00	0.962040	0.962980	0.959820	0.961680
2026.02.13 16:00:00	0.961690	0.963710	0.960120	0.962660
2026.02.13 20:00:00	0.962660	0.963940	0.962200	0.962430
2026.02.16 00:00:00	0.960830	0.964620	0.960660	0.964430
2026.02.16 04:00:00	0.964430	0.965150	0.963730	0.964940
2026.02.16 08:00:00	0.964940	0.965520	0.964190	0.964590
2026.02.16 12:00:00	0.964590	0.965710	0.963940	0.965130
2026.02.16 16:00:00	0.965110	0.965310	0.963200	0.964460
2026.02.16 20:00:00	0.964460	0.964800	0.964150	0.964150
2026.02.17 00:00:00	0.963210	0.964750	0.962590	0.962880
2026.02.17 04:00:00	0.962860	0.964000	0.961510	0.963110
2026.02.17 08:00:00	0.963110	0.964960	0.963040	0.964900
2026.02.17 12:00:00	0.964910	0.965140	0.961880	0.963010
2026.02.17 16:00:00	0.963010	0.964740	0.961850	0.964300
2026.02.17 20:00:00	0.964300	0.966800	0.964180	0.966060
2026.02.18 00:00:00	0.966010	0.966350	0.964060	0.965450
2026.02.18 04:00:00	0.965450	0.965620	0.964250	0.964940
2026.02.18 08:00:00	0.964940	0.967010	0.964600	0.966430
2026.02.18 12:00:00	0.966430	0.966740	0.964330	0.964360
2026.02.18 16:00:00	0.964360	0.966730	0.964000	0.966310
2026.02.18 20:00:00	0.966290	0.966460	0.963530	0.964380
2026.02.19 00:00:00	0.964260	0.967310	0.963640	0.967270
2026.02.19 04:00:00	0.967240	0.967800	0.965330	0.966320
2026.02.19 08:00:00	0.966330	0.968390	0.964870	0.965210
2026.02.19 12:00:00	0.965190	0.966010	0.963870	0.965040
2026.02.19 16:00:00	0.965050	0.966410	0.963140	0.965340
2026.02.19 20:00:00	0.965340	0.966380	0.964610	0.964610
2026.02.20 00:00:00	0.964670	0.966100	0.962170	0.963060
2026.02.20 04:00:00	0.963060	0.963890	0.961160	0.963890
2026.02.20 08:00:00	0.963890	0.966860	0.963660	0.966160
2026.02.20 12:00:00	0.966160	0.966520	0.964030	0.965260
2026.02.20 16:00:00	0.965260	0.969710	0.964330	0.968400
2026.02.20 20:00:00	0.968390	0.969840	0.967650	0.968710
2026.02.23 00:00:00	0.968830	0.970660	0.966870	0.967390
2026.02.23 04:00:00	0.967380	0.967530	0.966060	0.966790
2026.02.23 08:00:00	0.966780	0.968640	0.966490	0.968340
2026.02.23 12:00:00	0.968340	0.968350	0.966490	0.966730
2026.02.23 16:00:00	0.966730	0.968240	0.965230	0.966280
2026.02.23 20:00:00	0.966280	0.967420	0.966030	0.966100
2026.02.24 00:00:00	0.966060	0.967600	0.965290	0.967310
2026.02.24 04:00:00	0.967300	0.968700	0.967100	0.967770
2026.02.24 08:00:00	0.967770	0.969010	0.967400	0.967440
2026.02.24 12:00:00	0.967440	0.967630	0.964450	0.964660
2026.02.24 16:00:00	0.964660	0.968650	0.964190	0.968180
2026.02.24 20:00:00	0.968180	0.968200	0.966620	0.966660
2026.02.25 00:00:00	0.966530	0.970040	0.966410	0.969600
2026.02.25 04:00:00	0.969600	0.972830	0.969540	0.972430
2026.02.25 08:00:00	0.972420	0.973140	0.970140	0.970140
2026.02.25 12:00:00	0.970140	0.971570	0.969320	0.971220
2026.02.25 16:00:00	0.971240	0.974480	0.970830	0.974050
2026.02.25 20:00:00	0.974080	0.974650	0.973300	0.973850
2026.02.26 00:00:00	0.973850	0.974970	0.972950	0.974110
2026.02.26 04:00:00	0.974110	0.974820	0.972420	0.974660
2026.02.26 08:00:00	0.974660	0.974890	0.972330	0.973460
2026.02.26 12:00:00	0.973460	0.974230	0.972840	0.973110
2026.02.26 16:00:00	0.973100	0.973170	0.968840	0.969390
2026.02.26 20:00:00	0.969370	0.972810	0.969240	0.971640
2026.02.27 00:00:00	0.971640	0.972100	0.970690	0.971740
2026.02.27 04:00:00	0.971740	0.974440	0.971450	0.973590
2026.02.27 08:00:00	0.973600	0.974210	0.972230	0.972320
2026.02.27 12:00:00	0.972320	0.972350	0.969590	0.970490
2026.02.27 16:00:00	0.970500	0.972310	0.969580	0.969790
2026.02.27 20:00:00	0.969790	0.971140	0.969300	0.970200
2026.03.02 00:00:00	0.961280	0.969820	0.961150	0.969720
2026.03.02 04:00:00	0.969720	0.970800	0.966550	0.966640
2026.03.02 08:00:00	0.966630	0.967630	0.963140	0.966310
2026.03.02 12:00:00	0.966310	0.968200	0.964240	0.965690
2026.03.02 16:00:00	0.965690	0.970520	0.965020	0.970470
2026.03.02 20:00:00	0.970470	0.971170	0.967950	0.969680
2026.03.03 00:00:00	0.969370	0.973020	0.968910	0.970470
2026.03.03 04:00:00	0.970470	0.972030	0.968900	0.969310
2026.03.03 08:00:00	0.969320	0.970390	0.964340	0.964410
2026.03.03 12:00:00	0.964430	0.964850	0.959350	0.961060
2026.03.03 16:00:00	0.961060	0.961340	0.954470	0.960150
2026.03.03 20:00:00	0.960170	0.964100	0.959930	0.962080
2026.03.04 00:00:00	0.962080	0.963250	0.956980	0.958940
2026.03.04 04:00:00	0.958940	0.960510	0.956400	0.958190
2026.03.04 08:00:00	0.958190	0.962890	0.957430	0.962460
2026.03.04 12:00:00	0.962460	0.965490	0.961490	0.964370
2026.03.04 16:00:00	0.964360	0.966700	0.962640	0.966030
2026.03.04 20:00:00	0.966030	0.966830	0.964870	0.964950
2026.03.05 00:00:00	0.964520	0.966180	0.963670	0.963840
2026.03.05 04:00:00	0.963850	0.964870	0.961530	0.961670
2026.03.05 08:00:00	0.961650	0.963460	0.958230	0.961160
2026.03.05 12:00:00	0.961160	0.962070	0.958200	0.959210
2026.03.05 16:00:00	0.959200	0.960420	0.956440	0.956730
2026.03.05 20:00:00	0.956720	0.958490	0.955330	0.957890
2026.03.06 00:00:00	0.957840	0.960610	0.957590	0.960230
2026.03.06 04:00:00	0.960240	0.961560	0.959980	0.960310
2026.03.06 08:00:00	0.960320	0.962020	0.956580	0.956680
2026.03.06 12:00:00	0.956680	0.957990	0.952790	0.953100
2026.03.06 16:00:00	0.953120	0.956390	0.953040	0.953210
2026.03.06 20:00:00	0.953200	0.955070	0.952790	0.953010
2026.03.08 20:00:00	0.949540	0.951470	0.949390	0.949870
2026.03.09 00:00:00	0.949880	0.950170	0.946190	0.946740
2026.03.09 04:00:00	0.946740	0.951300	0.946460	0.950360
2026.03.09 08:00:00	0.950360	0.953230	0.947290	0.950500
2026.03.09 12:00:00	0.950520	0.953850	0.948640	0.953630
2026.03.09 16:00:00	0.953610	0.957440	0.952110	0.955490
2026.03.09 20:00:00	0.955490	0.961660	0.955410	0.960710
2026.03.10 00:00:00	0.960710	0.961560	0.959720	0.961310
2026.03.10 04:00:00	0.961300	0.961920	0.959060	0.961170
2026.03.10 08:00:00	0.961170	0.966200	0.960840	0.965920
2026.03.10 12:00:00	0.965920	0.966740	0.963310	0.965800
2026.03.10 16:00:00	0.965800	0.972680	0.964320	0.970880
2026.03.10 20:00:00	0.970880	0.971080	0.965860	0.966090
2026.03.11 00:00:00	0.966090	0.970310	0.966040	0.970240
2026.03.11 04:00:00	0.970240	0.973980	0.969270	0.972710
2026.03.11 08:00:00	0.972710	0.973910	0.969620	0.969930
2026.03.11 12:00:00	0.969930	0.973870	0.969920	0.973770
2026.03.11 16:00:00	0.973780	0.975940	0.969530	0.970510
2026.03.11 20:00:00	0.970510	0.972500	0.969900	0.971630
2026.03.12 00:00:00	0.971650	0.972150	0.968890	0.971030
2026.03.12 04:00:00	0.971030	0.971500	0.967510	0.968080
2026.03.12 08:00:00	0.968080	0.970120	0.966340	0.969470
2026.03.12 12:00:00	0.969480	0.971040	0.965340	0.965540
2026.03.12 16:00:00	0.965540	0.966750	0.963650	0.965120
2026.03.12 20:00:00	0.965120	0.965640	0.963920	0.964070
2026.03.13 00:00:00	0.964070	0.966000	0.963610	0.965270
2026.03.13 04:00:00	0.965270	0.965910	0.963150	0.963690
2026.03.13 08:00:00	0.963690	0.963840	0.958570	0.961670
2026.03.13 12:00:00	0.961680	0.966950	0.961620	0.964660
2026.03.13 16:00:00	0.964660	0.965460	0.961490	0.961650
2026.03.13 20:00:00	0.961670	0.961740	0.956790	0.956790
2026.03.15 20:00:00	0.959470	0.960590	0.959380	0.960120
2026.03.16 00:00:00	0.959970	0.962060	0.958310	0.961060
2026.03.16 04:00:00	0.961040	0.962530	0.960500	0.962060
2026.03.16 08:00:00	0.962050	0.963110	0.960460	0.962230
2026.03.16 12:00:00	0.962260	0.966290	0.962050	0.966030
2026.03.16 16:00:00	0.966050	0.966490	0.964160	0.965030
2026.03.16 20:00:00	0.965030	0.968220	0.965030	0.967100
2026.03.17 00:00:00	0.967100	0.968800	0.966310	0.968800
2026.03.17 04:00:00	0.968790	0.970390	0.964740	0.967920
2026.03.17 08:00:00	0.967930	0.970890	0.966320	0.970820
2026.03.17 12:00:00	0.970820	0.974830	0.969810	0.973410
2026.03.17 16:00:00	0.973410	0.973850	0.971870	0.973640
2026.03.17 20:00:00	0.973650	0.974170	0.971540	0.971940
2026.03.18 00:00:00	0.971970	0.974420	0.971880	0.973860
2026.03.18 04:00:00	0.973850	0.975180	0.972470	0.975010
2026.03.18 08:00:00	0.975010	0.976120	0.972860	0.973720
2026.03.18 12:00:00	0.973720	0.973770	0.966480	0.968790
2026.03.18 16:00:00	0.968790	0.970790	0.967890	0.969690
2026.03.18 20:00:00	0.969510	0.971030	0.963880	0.964830
2026.03.19 00:00:00	0.964940	0.966670	0.964140	0.966120
2026.03.19 04:00:00	0.966130	0.967690	0.965230	0.965520
2026.03.19 08:00:00	0.965520	0.969710	0.964670	0.969190
2026.03.19 12:00:00	0.969190	0.969300	0.960900	0.965570
2026.03.19 16:00:00	0.965570	0.968980	0.964550	0.968390
2026.03.19 20:00:00	0.968390	0.974560	0.968060	0.973130
2026.03.20 00:00:00	0.973140	0.974330	0.971960	0.972780
2026.03.20 04:00:00	0.972780	0.974110	0.971980	0.973210
2026.03.20 08:00:00	0.973220	0.973910	0.968840	0.969180
2026.03.20 12:00:00	0.969170	0.971470	0.966120	0.966480
2026.03.20 16:00:00	0.966480	0.967680	0.964030	0.964170
2026.03.20 20:00:00	0.964190	0.964280	0.960870	0.963320
2026.03.22 20:00:00	0.959340	0.959910	0.958900	0.959070
2026.03.23 00:00:00	0.959140	0.962370	0.957950	0.958800
2026.03.23 04:00:00	0.958820	0.959190	0.955550	0.955890
2026.03.23 08:00:00	0.955910	0.957680	0.954040	0.954500
2026.03.23 12:00:00	0.954490	0.964790	0.950320	0.963620
2026.03.23 16:00:00	0.963600	0.966850	0.958430	0.962750
2026.03.23 20:00:00	0.962750	0.964150	0.960930	0.961080
2026.03.24 00:00:00	0.960980	0.963800	0.957470	0.958210
2026.03.24 04:00:00	0.958220	0.959510	0.956970	0.958230
2026.03.24 08:00:00	0.958230	0.962740	0.956040	0.958030
2026.03.24 12:00:00	0.958030	0.958570	0.954820	0.956840
2026.03.24 16:00:00	0.956830	0.959850	0.956130	0.957850
2026.03.24 20:00:00	0.957860	0.963730	0.957460	0.962360
2026.03.25 00:00:00	0.962400	0.963180	0.960810	0.961090
2026.03.25 04:00:00	0.961080	0.961410	0.959840	0.960390
2026.03.25 08:00:00	0.960390	0.963190	0.959440	0.961160
2026.03.25 12:00:00	0.961170	0.961810	0.957860	0.958000
2026.03.25 16:00:00	0.958010	0.962080	0.957230	0.961320
2026.03.25 20:00:00	0.961320	0.961650	0.958760	0.958940
2026.03.26 00:00:00	0.958920	0.959870	0.958500	0.959540
2026.03.26 04:00:00	0.959550	0.961160	0.958510	0.960330
2026.03.26 08:00:00	0.960330	0.960580	0.958390	0.959060
2026.03.26 12:00:00	0.959060	0.959440	0.954650	0.957320
2026.03.26 16:00:00	0.957320	0.958010	0.953730	0.953760
2026.03.26 20:00:00	0.953740	0.957150	0.952580	0.954750
2026.03.27 00:00:00	0.954380	0.954930	0.952360	0.953810
2026.03.27 04:00:00	0.953820	0.957270	0.953800	0.955590
2026.03.27 08:00:00	0.955590	0.956320	0.953280	0.954870
2026.03.27 12:00:00	0.954870	0.955840	0.953280	0.954460
2026.03.27 16:00:00	0.954460	0.957060	0.953220	0.953730
2026.03.27 20:00:00	0.953740	0.955820	0.953550	0.954310
2026.03.30 00:00:00	0.952360	0.953610	0.950850	0.951600
2026.03.30 04:00:00	0.951600	0.954610	0.951200	0.953920
2026.03.30 08:00:00	0.953920	0.954940	0.952300	0.953850
2026.03.30 12:00:00	0.953850	0.955780	0.952840	0.955500
2026.03.30 16:00:00	0.955500	0.955820	0.952230	0.954500
2026.03.30 20:00:00	0.954500	0.955150	0.952830	0.953820
2026.03.31 00:00:00	0.953790	0.955490	0.952220	0.954510
2026.03.31 04:00:00	0.954510	0.956660	0.953330	0.953350
2026.03.31 08:00:00	0.953350	0.957120	0.952770	0.956350
2026.03.31 12:00:00	0.956380	0.960070	0.955070	0.958430
2026.03.31 16:00:00	0.958480	0.960860	0.953990	0.959290
2026.03.31 20:00:00	0.959310	0.961180	0.959050	0.959880
2026.04.01 00:00:00	0.959910	0.962880	0.958470	0.962550
2026.04.01 04:00:00	0.962550	0.962800	0.959510	0.959860
2026.04.01 08:00:00	0.959840	0.965330	0.959700	0.963840
2026.04.01 12:00:00	0.963910	0.966580	0.963110	0.964190
2026.04.01 16:00:00	0.964190	0.965200	0.962630	0.963550
2026.04.01 20:00:00	0.963550	0.964030	0.960200	0.960880
2026.04.02 00:00:00	0.960890	0.961820	0.959250	0.961330
2026.04.02 04:00:00	0.961320	0.962520	0.956020	0.956810
2026.04.02 08:00:00	0.956810	0.957660	0.955250	0.956880
2026.04.02 12:00:00	0.956880	0.958560	0.955170	0.957670
2026.04.02 16:00:00	0.957670	0.962680	0.957030	0.961200
2026.04.02 20:00:00	0.961200	0.961860	0.960600	0.961450
2026.04.03 00:00:00	0.961090	0.962490	0.959610	0.962170
2026.04.03 04:00:00	0.962180	0.962290	0.961310	0.961590
2026.04.03 08:00:00	0.961590	0.962370	0.961260	0.961570
2026.04.03 12:00:00	0.961560	0.962570	0.958920	0.961690
2026.04.03 16:00:00	0.961690	0.962350	0.960450	0.960650
2026.04.03 20:00:00	0.960660	0.961470	0.958630	0.958720
2026.04.06 00:00:00	0.959340	0.961460	0.958960	0.961400
2026.04.06 04:00:00	0.961400	0.963780	0.961130	0.962910
2026.04.06 08:00:00	0.962910	0.965090	0.962590	0.964800
2026.04.06 12:00:00	0.964820	0.965420	0.963570	0.963740
2026.04.06 16:00:00	0.963740	0.964560	0.962110	0.962370
2026.04.06 20:00:00	0.962390	0.963260	0.961340	0.961850
2026.04.07 00:00:00	0.961770	0.963170	0.961420	0.961900
2026.04.07 04:00:00	0.961890	0.962870	0.960750	0.962640
2026.04.07 08:00:00	0.962640	0.966470	0.961830	0.966100
2026.04.07 12:00:00	0.966100	0.966710	0.964090	0.965240
2026.04.07 16:00:00	0.965240	0.966410	0.963790	0.965510
2026.04.07 20:00:00	0.965510	0.969180	0.965060	0.967910
2026.04.08 00:00:00	0.967270	0.980110	0.967060	0.976730
2026.04.08 04:00:00	0.976720	0.978570	0.974840	0.977610
2026.04.08 08:00:00	0.977610	0.979770	0.974980	0.976700
2026.04.08 12:00:00	0.976710	0.979150	0.975470	0.978620
2026.04.08 16:00:00	0.978620	0.979510	0.975020	0.977260
2026.04.08 20:00:00	0.977260	0.977570	0.974070	0.974940
2026.04.09 00:00:00	0.973940	0.975690	0.973850	0.974430
2026.04.09 04:00:00	0.974420	0.975480	0.973330	0.974850
2026.04.09 08:00:00	0.974860	0.975290	0.972900	0.972990
2026.04.09 12:00:00	0.972990	0.974860	0.972740	0.973970
2026.04.09 16:00:00	0.973970	0.979440	0.973270	0.978820
2026.04.09 20:00:00	0.978840	0.979970	0.977630	0.977880
2026.04.10 00:00:00	0.977400	0.978880	0.977370	0.978060
2026.04.10 04:00:00	0.978060	0.978690	0.976590	0.976930
2026.04.10 08:00:00	0.976930	0.977630	0.976310	0.976530
2026.04.10 12:00:00	0.976530	0.978580	0.976530	0.977870
2026.04.10 16:00:00	0.977880	0.979930	0.977120	0.978130
2026.04.10 20:00:00	0.978130	0.979480	0.976060	0.976480
2026.04.13 00:00:00	0.969410	0.974970	0.968830	0.974970
2026.04.13 04:00:00	0.974960	0.975960	0.974420	0.975120
2026.04.13 08:00:00	0.975130	0.977250	0.975040	0.976130
2026.04.13 12:00:00	0.976130	0.976440	0.973400	0.974920
2026.04.13 16:00:00	0.974920	0.977560	0.974050	0.976960
2026.04.13 20:00:00	0.976960	0.979100	0.976930	0.978180
2026.04.14 00:00:00	0.978110	0.979100	0.976990	0.977350
2026.04.14 04:00:00	0.977360	0.977500	0.975990	0.976840
2026.04.14 08:00:00	0.976840	0.978500	0.975580	0.977660
2026.04.14 12:00:00	0.977670	0.980520	0.977670	0.980240
2026.04.14 16:00:00	0.980230	0.982220	0.979760	0.980990
2026.04.14 20:00:00	0.980990	0.981920	0.980590	0.980590
2026.04.15 00:00:00	0.979930	0.981850	0.979730	0.980910
2026.04.15 04:00:00	0.980910	0.982640	0.980540	0.982480
2026.04.15 08:00:00	0.982480	0.983780	0.982460	0.983340
2026.04.15 12:00:00	0.983340	0.984520	0.982340	0.983240
2026.04.15 16:00:00	0.983240	0.984840	0.982880	0.984120
2026.04.15 20:00:00	0.984130	0.985340	0.983340	0.984910
2026.04.16 00:00:00	0.984890	0.985370	0.983410	0.984980
2026.04.16 04:00:00	0.984980	0.986800	0.983570	0.986010
2026.04.16 08:00:00	0.986020	0.986640	0.984050	0.984750
2026.04.16 12:00:00	0.984750	0.984920	0.983800	0.984060
2026.04.16 16:00:00	0.984070	0.984380	0.980590	0.980790
2026.04.16 20:00:00	0.980800	0.981370	0.980150	0.980940
2026.04.17 00:00:00	0.980940	0.981920	0.980200	0.981020
2026.04.17 04:00:00	0.981020	0.981640	0.980650	0.981120
2026.04.17 08:00:00	0.981130	0.981710	0.979950	0.981520
2026.04.17 12:00:00	0.981520	0.985640	0.980450	0.985030
2026.04.17 16:00:00	0.985030	0.986500	0.982310	0.982360
2026.04.17 20:00:00	0.982360	0.982490	0.980560	0.981380
2026.04.20 00:00:00	0.974880	0.979100	0.974270	0.979050
2026.04.20 04:00:00	0.979050	0.980150	0.979030	0.979890
2026.04.20 08:00:00	0.979890	0.980800	0.978210	0.978890
2026.04.20 12:00:00	0.978900	0.980430	0.978870	0.980040
2026.04.20 16:00:00	0.980030	0.981130	0.977900	0.978640
2026.04.20 20:00:00	0.978640	0.979780	0.978250	0.979060
2026.04.21 00:00:00	0.979050	0.979730	0.978170	0.978670
2026.04.21 04:00:00	0.978670	0.979760	0.977760	0.978000
2026.04.21 08:00:00	0.977990	0.978630	0.975990	0.977180
2026.04.21 12:00:00	0.977180	0.978440	0.976430	0.977360
2026.04.21 16:00:00	0.977360	0.979440	0.976460	0.976570
2026.04.21 20:00:00	0.976580	0.978030	0.974710	0.976860
2026.04.22 00:00:00	0.976700	0.978190	0.976240	0.977800
2026.04.22 04:00:00	0.977800	0.978290	0.977070	0.977270
2026.04.22 08:00:00	0.977280	0.979310	0.977220	0.977720
2026.04.22 12:00:00	0.977720	0.978410	0.976620	0.976910
2026.04.22 16:00:00	0.976910	0.978560	0.976710	0.977520
2026.04.22 20:00:00	0.977530	0.978980	0.977410	0.978770
2026.04.23 00:00:00	0.978720	0.979120	0.975970	0.978550
2026.04.23 04:00:00	0.978550	0.978630	0.975820	0.977030
2026.04.23 08:00:00	0.977030	0.978110	0.976770	0.977260
2026.04.23 12:00:00	0.977260	0.978020	0.975370	0.977370
2026.04.23 16:00:00	0.977370	0.979680	0.976640	0.979540
2026.04.23 20:00:00	0.979560	0.979700	0.974970	0.976340
2026.04.24 00:00:00	0.976310	0.977180	0.975790	0.976870
2026.04.24 04:00:00	0.976870	0.977310	0.975530	0.976670
2026.04.24 08:00:00	0.976670	0.977220	0.975870	0.976250
2026.04.24 12:00:00	0.976250	0.978770	0.975500	0.976080
2026.04.24 16:00:00	0.976080	0.978400	0.975700	0.977740
2026.04.24 20:00:00	0.977720	0.978010	0.976660	0.976730
2026.04.27 00:00:00	0.975150	0.978310	0.974990	0.978310
2026.04.27 04:00:00	0.978310	0.980410	0.978310	0.979370
2026.04.27 08:00:00	0.979370	0.979480	0.977930	0.978690
2026.04.27 12:00:00	0.978690	0.978870	0.977450	0.977640
2026.04.27 16:00:00	0.977630	0.979550	0.977500	0.978950
2026.04.27 20:00:00	0.978940	0.979930	0.978580	0.979050
2026.04.28 00:00:00	0.979040	0.979970	0.978220	0.979710
2026.04.28 04:00:00	0.979700	0.979740	0.978250	0.979130
2026.04.28 08:00:00	0.979120	0.979630	0.977150	0.979500
2026.04.28 12:00:00	0.979490	0.979780	0.977720	0.979710
2026.04.28 16:00:00	0.979710	0.982490	0.978970	0.982360
2026.04.28 20:00:00	0.982360	0.983190	0.981860	0.982430
2026.04.29 00:00:00	0.982380	0.983370	0.981170	0.983000
2026.04.29 04:00:00	0.983010	0.983040	0.979700	0.980230
2026.04.29 08:00:00	0.980230	0.980520	0.978720	0.979130
2026.04.29 12:00:00	0.979130	0.980050	0.978380	0.978550
2026.04.29 16:00:00	0.978550	0.979130	0.973980	0.974570
2026.04.29 20:00:00	0.974570	0.975430	0.972210	0.973580
2026.04.30 00:00:00	0.973440	0.974810	0.972610	0.973760
2026.04.30 04:00:00	0.973750	0.975060	0.973350	0.973700
2026.04.30 08:00:00	0.973700	0.975420	0.972860	0.974520
2026.04.30 12:00:00	0.974540	0.978680	0.974230	0.977270
2026.04.30 16:00:00	0.977290	0.979930	0.976720	0.977510
2026.04.30 20:00:00	0.977510	0.978350	0.977340	0.977740
2026.05.01 00:00:00	0.977740	0.978180	0.976560	0.977730
2026.05.01 04:00:00	0.977730	0.977870	0.976660	0.976910
2026.05.01 08:00:00	0.976910	0.977870	0.976110	0.976470
2026.05.01 12:00:00	0.976480	0.977160	0.975410	0.976830
2026.05.01 16:00:00	0.976830	0.980560	0.976460	0.979780
2026.05.01 20:00:00	0.979780	0.980150	0.977790	0.977790
2026.05.04 00:00:00	0.980000	0.980570	0.978960	0.979530
2026.05.04 04:00:00	0.979530	0.980320	0.978810	0.979430
2026.05.04 08:00:00	0.979430	0.979880	0.977840	0.978510
2026.05.04 12:00:00	0.978510	0.979240	0.975990	0.978630
2026.05.04 16:00:00	0.978640	0.979120	0.973910	0.974490
2026.05.04 20:00:00	0.974490	0.976360	0.974430	0.976270
2026.05.05 00:00:00	0.976270	0.976590	0.975260	0.975520
2026.05.05 04:00:00	0.975520	0.976670	0.974380	0.974510
2026.05.05 08:00:00	0.974510	0.975200	0.972220	0.974570
2026.05.05 12:00:00	0.974570	0.977980	0.974180	0.977380
2026.05.05 16:00:00	0.977380	0.979490	0.976930	0.978800
2026.05.05 20:00:00	0.978790	0.979230	0.977900	0.977900
2026.05.06 00:00:00	0.977900	0.982180	0.977140	0.982130
2026.05.06 04:00:00	0.982130	0.985120	0.981980	0.984200
2026.05.06 08:00:00	0.984200	0.986800	0.983230	0.986250
2026.05.06 12:00:00	0.986240	0.988610	0.983970	0.985030
2026.05.06 16:00:00	0.985030	0.986670	0.984140	0.985220
2026.05.06 20:00:00	0.985220	0.987130	0.985180	0.986390
2026.05.07 00:00:00	0.986280	0.987070	0.985360	0.986610
2026.05.07 04:00:00	0.986590	0.988220	0.986330	0.988050
2026.05.07 08:00:00	0.988050	0.989680	0.987660	0.988880
2026.05.07 12:00:00	0.988880	0.989330	0.988040	0.988680
2026.05.07 16:00:00	0.988680	0.989460	0.986310	0.986560
2026.05.07 20:00:00	0.986530	0.986740	0.983960	0.984670
2026.05.08 00:00:00	0.984440	0.984890	0.983440	0.984460
2026.05.08 04:00:00	0.984460	0.986150	0.984160	0.985940
2026.05.08 08:00:00	0.985940	0.987720	0.985540	0.987480
2026.05.08 12:00:00	0.987480	0.991870	0.986700	0.990870
2026.05.08 16:00:00	0.990870	0.993030	0.990260	0.991110
2026.05.08 20:00:00	0.991110	0.991560	0.990520	0.990690
2026.05.11 00:00:00	0.988230	0.990510	0.987350	0.990280
2026.05.11 04:00:00	0.990280	0.990420	0.989150	0.989590
2026.05.11 08:00:00	0.989580	0.990580	0.989110	0.989340
2026.05.11 12:00:00	0.989330	0.990840	0.988840	0.989890
2026.05.11 16:00:00	0.989900	0.992080	0.989880	0.990600
2026.05.11 20:00:00	0.990610	0.991750	0.990390	0.991310
2026.05.12 00:00:00	0.991260	0.991630	0.990000	0.990210
2026.05.12 04:00:00	0.990210	0.990560	0.988910	0.990140
2026.05.12 08:00:00	0.990140	0.990310	0.987340	0.989050
2026.05.12 12:00:00	0.989050	0.991050	0.988610	0.990610
2026.05.12 16:00:00	0.990610	0.991430	0.989350	0.989410
2026.05.12 20:00:00	0.989410	0.991700	0.989410	0.991440
2026.05.13 00:00:00	0.991440	0.991730	0.990730	0.990930
2026.05.13 04:00:00	0.990930	0.991920	0.990120	0.990690
2026.05.13 08:00:00	0.990700	0.992240	0.990630	0.991930
2026.05.13 12:00:00	0.991950	0.992980	0.991510	0.991740
2026.05.13 16:00:00	0.991760	0.995720	0.991760	0.994980
2026.05.13 20:00:00	0.994980	0.995410	0.993770	0.994620
2026.05.14 00:00:00	0.994620	0.994980	0.993320	0.993590
2026.05.14 04:00:00	0.993590	0.994550	0.992770	0.994240
2026.05.14 08:00:00	0.994250	0.995170	0.992850	0.993710
2026.05.14 12:00:00	0.993710	0.993960	0.992560	0.992700
2026.05.14 16:00:00	0.992710	0.992830	0.990390	0.990660
2026.05.14 20:00:00	0.990660	0.991460	0.990130	0.990290
2026.05.15 00:00:00	0.990290	0.991170	0.989160	0.989700
2026.05.15 04:00:00	0.989700	0.989870	0.987060	0.987080
2026.05.15 08:00:00	0.987120	0.987130	0.983620	0.983890
2026.05.15 12:00:00	0.983900	0.986110	0.982110	0.983770
2026.05.15 16:00:00	0.983770	0.985670	0.982710	0.982920
2026.05.15 20:00:00	0.982930	0.984110	0.982310	0.982570
2026.05.18 00:00:00	0.983270	0.983690	0.979650	0.980310
2026.05.18 04:00:00	0.980310	0.981400	0.979710	0.980760
2026.05.18 08:00:00	0.980760	0.983960	0.980190	0.983260
2026.05.18 12:00:00	0.983250	0.986530	0.982280	0.986180
2026.05.18 16:00:00	0.986190	0.986390	0.982780	0.984040
2026.05.18 20:00:00	0.984040	0.985440	0.982730	0.984730
2026.05.19 00:00:00	0.984660	0.985790	0.982920	0.983000
2026.05.19 04:00:00	0.982980	0.983190	0.980150	0.980380
2026.05.19 08:00:00	0.980380	0.980840	0.978330	0.979280
2026.05.19 12:00:00	0.979280	0.980620	0.978230	0.979240
2026.05.19 16:00:00	0.979250	0.979420	0.974560	0.977610
2026.05.19 20:00:00	0.977610	0.978510	0.976600	0.976610
2026.05.20 00:00:00	0.976600	0.977380	0.975650	0.975650
2026.05.20 04:00:00	0.975660	0.977660	0.975080	0.976790
2026.05.20 08:00:00	0.976790	0.979570	0.976480	0.979370
2026.05.20 12:00:00	0.979370	0.981440	0.979110	0.980340
2026.05.20 16:00:00	0.980340	0.985330	0.979520	0.983470
2026.05.20 20:00:00	0.983490	0.984320	0.982430	0.982430
2026.05.21 00:00:00	0.982450	0.983230	0.981720	0.982580
2026.05.21 04:00:00	0.982590	0.983560	0.977170	0.980680
2026.05.21 08:00:00	0.980670	0.982440	0.978290	0.981700
2026.05.21 12:00:00	0.981680	0.982930	0.979930	0.981300
2026.05.21 16:00:00	0.981300	0.984050	0.980990	0.983660
2026.05.21 20:00:00	0.983660	0.987300	0.983530	0.984730
2026.05.22 00:00:00	0.984730	0.985280	0.984220	0.984260
2026.05.22 04:00:00	0.984260	0.984850	0.983710	0.984550
2026.05.22 08:00:00	0.984560	0.985260	0.983160	0.983290
2026.05.22 12:00:00	0.983280	0.984410	0.982370	0.984380
2026.05.22 16:00:00	0.984370	0.985730	0.982530	0.985220
2026.05.22 20:00:00	0.985200	0.986240	0.984550	0.984630
2026.05.25 00:00:00	0.987820	0.988900	0.987350	0.988040
2026.05.25 04:00:00	0.988050	0.989910	0.988050	0.989660
2026.05.25 08:00:00	0.989660	0.990030	0.988250	0.989830
2026.05.25 12:00:00	0.989850	0.990630	0.989660	0.989820
2026.05.25 16:00:00	0.989820	0.990770	0.989300	0.990070
2026.05.25 20:00:00	0.990070	0.990460	0.989840	0.989840
2026.05.26 00:00:00	0.989490	0.990320	0.989120	0.989690
2026.05.26 04:00:00	0.989680	0.990200	0.988880	0.988880
2026.05.26 08:00:00	0.988880	0.989870	0.988120	0.988700
2026.05.26 12:00:00	0.988710	0.990580	0.988170	0.990390
2026.05.26 16:00:00	0.990390	0.991110	0.988290	0.989230
2026.05.26 20:00:00	0.989240	0.990470	0.989080	0.989550
2026.05.27 00:00:00	0.989570	0.991030	0.989350	0.990640
2026.05.27 04:00:00	0.990650	0.991170	0.987960	0.988780
2026.05.27 08:00:00	0.988780	0.988990	0.986470	0.987470
2026.05.27 12:00:00	0.987470	0.988170	0.985550	0.986380
2026.05.27 16:00:00	0.986370	0.987500	0.985740	0.986990
2026.05.27 20:00:00	0.986990	0.988340	0.986390	0.987780
2026.05.28 00:00:00	0.987780	0.988470	0.986880	0.987350
2026.05.28 04:00:00	0.987350	0.987620	0.984030	0.984580
2026.05.28 08:00:00	0.984580	0.987010	0.984240	0.986300
2026.05.28 12:00:00	0.986300	0.987430	0.985560	0.987130
2026.05.28 16:00:00	0.987130	0.989260	0.986230	0.988410
2026.05.28 20:00:00	0.988400	0.988460	0.986790	0.986960
2026.05.29 00:00:00	0.986960	0.987590	0.986430	0.986880
2026.05.29 04:00:00	0.986890	0.987690	0.986270	0.987680
2026.05.29 08:00:00	0.987660	0.988360	0.986880	0.987390
2026.05.29 12:00:00	0.987390	0.992150	0.987100	0.991920
2026.05.29 16:00:00	0.991920	0.993130	0.990400	0.991880
2026.05.29 20:00:00	0.991880	0.991940	0.990430	0.990750
2026.06.01 00:00:00	0.988710	0.991780	0.988700	0.991600
2026.06.01 04:00:00	0.991580	0.992420	0.990980	0.992070
2026.06.01 08:00:00	0.992070	0.992610	0.990970	0.992400
2026.06.01 12:00:00	0.992400	0.992600	0.990990	0.991210
2026.06.01 16:00:00	0.991210	0.991530	0.987660	0.990090
2026.06.01 20:00:00	0.990080	0.991600	0.989850	0.990250
2026.06.02 00:00:00	0.990140	0.991680	0.990140	0.991060
2026.06.02 04:00:00	0.991060	0.992200	0.990420	0.991470
2026.06.02 08:00:00	0.991460	0.994550	0.991380	0.994100
2026.06.02 12:00:00	0.994100	0.995080	0.992900	0.993040
2026.06.02 16:00:00	0.993020	0.993780	0.991370	0.993000
2026.06.02 20:00:00	0.993000	0.993730	0.992360	0.993530
2026.06.03 00:00:00	0.993450	0.993900	0.992580	0.993810
2026.06.03 04:00:00	0.993810	0.993860	0.992310	0.992700
2026.06.03 08:00:00	0.992700	0.993170	0.990960	0.992190
2026.06.03 12:00:00	0.992210	0.993740	0.991320	0.991820
2026.06.03 16:00:00	0.991820	0.992020	0.990060	0.991280
2026.06.03 20:00:00	0.991290	0.991440	0.990240	0.990360
2026.06.04 00:00:00	0.990200	0.991430	0.989760	0.990530
2026.06.04 04:00:00	0.990530	0.991430	0.989830	0.991020
2026.06.04 08:00:00	0.991020	0.992860	0.990540	0.992150
2026.06.04 12:00:00	0.992150	0.993000	0.991290	0.991770
2026.06.04 16:00:00	0.991760	0.992610	0.991280	0.991980
2026.06.04 20:00:00	0.991990	0.992400	0.991530	0.991800
2026.06.05 00:00:00	0.991750	0.992280	0.990400	0.990480
2026.06.05 04:00:00	0.990480	0.991160	0.988420	0.990880
2026.06.05 08:00:00	0.990880	0.991140	0.989500	0.990230
2026.06.05 12:00:00	0.990230	0.991460	0.986650	0.986770
2026.06.05 16:00:00	0.986770	0.988040	0.982520	0.983840
2026.06.05 20:00:00	0.983840	0.983900	0.981220	0.981630
2026.06.08 00:00:00	0.978680	0.983810	0.978580	0.983730
2026.06.08 04:00:00	0.983740	0.984270	0.981470	0.982190
2026.06.08 08:00:00	0.982190	0.983940	0.981040	0.983150
2026.06.08 12:00:00	0.983160	0.985990	0.981990	0.984910
2026.06.08 16:00:00	0.984920	0.985630	0.982680	0.983770
2026.06.08 20:00:00	0.983770	0.983840	0.982630	0.982750
2026.06.09 00:00:00	0.982600	0.983000	0.981800	0.982630
2026.06.09 04:00:00	0.982630	0.984340	0.982160	0.983750
2026.06.09 08:00:00	0.983760	0.984890	0.982320	0.982800
2026.06.09 12:00:00	0.982810	0.983490	0.982050	0.982760
2026.06.09 16:00:00	0.982760	0.983440	0.978300	0.979430
2026.06.09 20:00:00	0.979430	0.981310	0.979360	0.979950
2026.06.10 00:00:00	0.979860	0.980780	0.978530	0.980310
2026.06.10 04:00:00	0.980300	0.980680	0.978530	0.978730
2026.06.10 08:00:00	0.978730	0.979240	0.976510	0.976550
2026.06.10 12:00:00	0.976530	0.978390	0.974780	0.977100
2026.06.10 16:00:00	0.977100	0.978600	0.976400	0.977560
2026.06.10 20:00:00	0.977560	0.978160	0.975310	0.975420
2026.06.11 00:00:00	0.975420	0.976050	0.974590	0.975340
2026.06.11 04:00:00	0.975320	0.976850	0.975310	0.976710
2026.06.11 08:00:00	0.976710	0.978080	0.976340	0.977220
2026.06.11 12:00:00	0.977210	0.978130	0.976000	0.977190
2026.06.11 16:00:00	0.977190	0.979780	0.976640	0.978630
2026.06.11 20:00:00	0.978630	0.984780	0.978470	0.984260
2026.06.12 00:00:00	0.983950	0.985000	0.982860	0.984540
2026.06.12 04:00:00	0.984540	0.984560	0.982460	0.983770
2026.06.12 08:00:00	0.983770	0.985080	0.982010	0.984470
2026.06.12 12:00:00	0.984490	0.985790	0.983380	0.983610
2026.06.12 16:00:00	0.983620	0.985550	0.983250	0.984810
2026.06.12 20:00:00	0.984810	0.985820	0.984810	0.985370
2026.06.15 00:00:00	0.985080	0.989710	0.984680	0.987290
2026.06.15 04:00:00	0.987280	0.989240	0.987200	0.988570
2026.06.15 08:00:00	0.988570	0.988760	0.987610	0.988040
2026.06.15 12:00:00	0.988040	0.988760	0.987520	0.988090
2026.06.15 16:00:00	0.988080	0.990480	0.987900	0.989840
2026.06.15 20:00:00	0.989860	0.989940	0.988840	0.989060
2026.06.16 00:00:00	0.988920	0.989630	0.988790	0.989260
2026.06.16 04:00:00	0.989270	0.989490	0.987310	0.987820
2026.06.16 08:00:00	0.987820	0.989850	0.986910	0.989640
2026.06.16 12:00:00	0.989640	0.990630	0.989370	0.990480
2026.06.16 16:00:00	0.990480	0.990800	0.988910	0.989200
2026.06.16 20:00:00	0.989200	0.989760	0.988660	0.988660
2026.06.17 00:00:00	0.988570	0.989280	0.988110	0.988930
2026.06.17 04:00:00	0.988930	0.989410	0.988090	0.988130
2026.06.17 08:00:00	0.988130	0.988760	0.987670	0.988320
2026.06.17 12:00:00	0.988320	0.989870	0.988140	0.989690
2026.06.17 16:00:00	0.989700	0.992250	0.989440	0.992040
2026.06.17 20:00:00	0.992040	0.992530	0.987230	0.988560
2026.06.18 00:00:00	0.988700	0.991040	0.988290	0.989950
2026.06.18 04:00:00	0.989940	0.992680	0.989940	0.991860
2026.06.18 08:00:00	0.991860	0.992740	0.989930	0.990110
2026.06.18 12:00:00	0.990120	0.991060	0.989130	0.990680
2026.06.18 16:00:00	0.990680	0.993550	0.990180	0.992220
2026.06.18 20:00:00	0.992240	0.992770	0.990760	0.990760
2026.06.19 00:00:00	0.990760	0.991940	0.990550	0.991290
2026.06.19 04:00:00	0.991280	0.991590	0.989650	0.989850
2026.06.19 08:00:00	0.989850	0.992240	0.989390	0.992010
2026.06.19 12:00:00	0.992010	0.993740	0.991510	0.993670
2026.06.19 16:00:00	0.993660	0.994280	0.992780	0.993460
2026.06.19 20:00:00	0.993460	0.994320	0.991680	0.991680
2026.06.22 00:00:00	0.992530	0.993700	0.991850	0.993680
2026.06.22 04:00:00	0.993670	0.994510	0.993010	0.993720
2026.06.22 08:00:00	0.993720	0.994000	0.991560	0.991850
2026.06.22 12:00:00	0.991850	0.993150	0.991630	0.991820
2026.06.22 16:00:00	0.991820	0.993170	0.991020	0.991740
2026.06.22 20:00:00	0.991750	0.992070	0.990670	0.990910
2026.06.23 00:00:00	0.990910	0.991560	0.988800	0.989430
2026.06.23 04:00:00	0.989430	0.989780	0.987200	0.987410
2026.06.23 08:00:00	0.987430	0.987480	0.984230	0.985050
2026.06.23 12:00:00	0.985040	0.986750	0.983430	0.984000
2026.06.23 16:00:00	0.984000	0.984740	0.982580	0.982760
2026.06.23 20:00:00	0.982760	0.982930	0.981760	0.982620
2026.06.24 00:00:00	0.982620	0.983300	0.982030	0.983130
2026.06.24 04:00:00	0.983120	0.983620	0.981270	0.982120
2026.06.24 08:00:00	0.982120	0.983280	0.981070	0.981310
2026.06.24 12:00:00	0.981310	0.982220	0.979790	0.981120
2026.06.24 16:00:00	0.981120	0.982060	0.980610	0.981240
2026.06.24 20:00:00	0.981240	0.982120	0.979690	0.981840
2026.06.25 00:00:00	0.981830	0.982060	0.981000	0.981270
2026.06.25 04:00:00	0.981270	0.982610	0.980140	0.981950
2026.06.25 08:00:00	0.981950	0.982290	0.980670	0.981810
2026.06.25 12:00:00	0.981820	0.983370	0.980960	0.982880
2026.06.25 16:00:00	0.982890	0.983060	0.979280	0.981300
2026.06.25 20:00:00	0.981300	0.982080	0.980690	0.980870
2026.06.26 00:00:00	0.980890	0.981300	0.978960	0.979310
2026.06.26 04:00:00	0.979320	0.979760	0.976760	0.977130
2026.06.26 08:00:00	0.977130	0.979180	0.977040	0.978110
2026.06.26 12:00:00	0.978120	0.979320	0.977820	0.978600
2026.06.26 16:00:00	0.978620	0.980500	0.977560	0.979280
2026.06.26 20:00:00	0.979280	0.979360	0.977370	0.978510
2026.06.29 00:00:00	0.977180	0.978710	0.976840	0.977010
2026.06.29 04:00:00	0.977000	0.978000	0.976440	0.977510
2026.06.29 08:00:00	0.977510	0.978860	0.977320	0.978230
2026.06.29 12:00:00	0.978230	0.980150	0.978150	0.979490
2026.06.29 16:00:00	0.979490	0.979720	0.977220	0.977880
2026.06.29 20:00:00	0.977870	0.978640	0.977590	0.978110
2026.06.30 00:00:00	0.978110	0.978870	0.976630	0.977060
2026.06.30 04:00:00	0.977060	0.978510	0.976480	0.977820
2026.06.30 08:00:00	0.977810	0.979390	0.977590	0.979340
2026.06.30 12:00:00	0.979340	0.980890	0.979150	0.979500
2026.06.30 16:00:00	0.979500	0.983050	0.979490	0.981980
2026.06.30 20:00:00	0.981980	0.983130	0.981480	0.982100
2026.07.01 00:00:00	0.982030	0.982250	0.980610	0.980770
2026.07.01 04:00:00	0.980770	0.981040	0.978730	0.979600
2026.07.01 08:00:00	0.979600	0.980430	0.979040	0.980050
2026.07.01 12:00:00	0.980050	0.981070	0.979630	0.980770
2026.07.01 16:00:00	0.980770	0.981530	0.979860	0.980450
2026.07.01 20:00:00	0.980460	0.980660	0.979450	0.979700
2026.07.02 00:00:00	0.978270	0.980010	0.977910	0.979310
2026.07.02 04:00:00	0.979310	0.980440	0.978780	0.979830
2026.07.02 08:00:00	0.979830	0.980380	0.978160	0.980250
2026.07.02 12:00:00	0.980250	0.982670	0.978660	0.981410
2026.07.02 16:00:00	0.981410	0.983760	0.981130	0.981490
2026.07.02 20:00:00	0.981480	0.981760	0.980490	0.981260
2026.07.03 00:00:00	0.981260	0.981740	0.979410	0.981370
2026.07.03 04:00:00	0.981370	0.983090	0.981240	0.982800
2026.07.03 08:00:00	0.982800	0.984730	0.982640	0.984160
2026.07.03 12:00:00	0.984160	0.985430	0.983810	0.985120
2026.07.03 16:00:00	0.985120	0.985250	0.984370	0.985190
2026.07.03 20:00:00	0.985190	0.985390	0.984550	0.984620
2026.07.06 00:00:00	0.985320	0.985610	0.984740	0.984990
2026.07.06 04:00:00	0.985000	0.985440	0.983610	0.984960
2026.07.06 08:00:00	0.984960	0.986410	0.984330	0.986270
2026.07.06 12:00:00	0.986270	0.986440	0.985500	0.985840
2026.07.06 16:00:00	0.985840	0.987440	0.985130	0.987440
2026.07.06 20:00:00	0.987440	0.988700	0.987420	0.987490
2026.07.07 00:00:00	0.987060	0.988590	0.987040	0.987550
2026.07.07 04:00:00	0.987550	0.988840	0.986870	0.986880
2026.07.07 08:00:00	0.986880	0.987230	0.986090	0.986580
2026.07.07 12:00:00	0.986580	0.988640	0.986450	0.988240
2026.07.07 16:00:00	0.988240	0.988270	0.983960	0.984430
2026.07.07 20:00:00	0.984430	0.984840	0.983100	0.983510
2026.07.08 00:00:00	0.983510	0.984880	0.982390	0.984860
2026.07.08 04:00:00	0.984870	0.985810	0.984390	0.984930
2026.07.08 08:00:00	0.984930	0.985280	0.979250	0.979340
2026.07.08 12:00:00	0.979340	0.982660	0.978350	0.981770
2026.07.08 16:00:00	0.981770	0.982260	0.979900	0.981690
2026.07.08 20:00:00	0.981690	0.982900	0.981520	0.981750
2026.07.09 00:00:00	0.981470	0.982780	0.980670	0.981800
2026.07.09 04:00:00	0.981800	0.982470	0.980970	0.982390
2026.07.09 08:00:00	0.982390	0.984160	0.981810	0.983760
2026.07.09 12:00:00	0.983770	0.983880	0.982250	0.982560
2026.07.09 16:00:00	0.982550	0.984260	0.982550	0.983010
2026.07.09 20:00:00	0.983010	0.983710	0.983000	0.983010
2026.07.10 00:00:00	0.983010	0.983750	0.982290	0.983440
2026.07.10 04:00:00	0.983440	0.985180	0.982880	0.984360
2026.07.10 08:00:00	0.984360	0.984680	0.983340	0.983630
2026.07.10 12:00:00	0.983650	0.984550	0.982590	0.982960
2026.07.10 16:00:00	0.982960	0.984370	0.982340	0.982690
